palm_size,curl_index,curl_middle,curl_ring,curl_pinky,thumb_straight,thumb_lateral,yaw,label,ts
148.51847613609692,0.9854036968776819,0.9956511626833108,0.9927095737567678,0.9906367615623838,0.9977947665191927,0.6352499507141619,-86.50985717773438,OpenPalm,1760929253.663302
123.74753736812526,0.6793345835391547,0.6668948321566536,0.678131722926509,0.6879709604919383,0.9958863266820596,0.49340506861400035,9.626750946044922,ThumbUp,1760929277.5459676
100.0477023456744,0.6680927684875954,0.6701022938235832,0.6560171634116724,0.6849057456630859,0.543032205237878,-0.7029531310952589,-85.1390266418457,Fist,1760929287.5772731
131.42082734879958,0.9826632302056492,0.7838830813598442,0.8517657268625141,0.8577727675390512,0.7576959426590029,-0.989105935772026,-11.336116790771484,PointLeft,1760929299.5264354
132.45483324973335,0.9879754368137931,0.6993620345749588,0.7282663129106949,0.7359849903502327,0.6764327660353862,0.6842085053920121,-17.38445281982422,PointRight,1760929309.7207446
101.0263272833074,0.9904320422900015,0.9965377515880306,0.6591777438858945,0.6903933967206831,0.7707781207910267,0.94690954564355,82.56193161010742,TwoFingers,1760929321.7853673
159.71231565123026,0.993364408639656,0.994240312571499,0.990623414275409,0.9913080690098987,0.9996455248248022,-0.6791414388159147,106.18484497070312,OpenPalm,1760929340.1701763
145.09746400694155,0.6742101181127046,0.6731982942863869,0.6747089887917125,0.6994945977258596,0.9999636112100175,-0.6187966919694273,-8.89923095703125,ThumbUp,1760929354.2180114
102.52425164473898,0.637016190353871,0.5673346540132136,0.6079818981347579,0.6572098483664677,0.6304679534689724,0.3781920596943285,93.06892395019531,Fist,1760929369.4018056
114.19050778216285,0.9704829132799496,0.661910273218261,0.6785003432014552,0.7070817442622589,0.9194982143093817,-0.9720853042657203,-11.599102020263672,PointLeft,1760929405.1623435
92.46089300013956,0.9799996185651184,0.7139484703874134,0.7289239626065053,0.738196910030576,0.921692974287333,0.8549723822289924,11.297683715820312,PointRight,1760929418.4740243
108.94098398675185,0.9940738146857009,0.9905286122035987,0.6744806596358023,0.6793167550827187,0.7239053144597543,0.7633447910417422,71.15745544433594,TwoFingers,1760929431.798992
98.17064446608161,0.7168846499205997,0.7356174626490913,0.7294079860516476,0.6779277755245161,0.5949446105044023,0.8611575035467037,81.62975311279297,Fist,1760929450.7917426
113.30846221624006,0.7489980060950868,0.7761916583588664,0.8072842613508935,0.8378886825967351,0.7171819477663077,-0.6325585516506207,-94.08012390136719,Fist,1760929456.8410482
101.15362261381453,0.9881123620734816,0.9974706292857588,0.9957180820246426,0.9876769125367915,0.9955159040767873,-0.35408709777443653,73.84197235107422,OpenPalm,1760929476.3302355
112.52806755574461,0.9951964422887372,0.9994874642520609,0.9961135498988977,0.9922532186754571,0.9977532734461362,0.3369389303510759,-83.7717056274414,OpenPalm,1760929482.3134496
108.88495218096745,0.9921671510973639,0.6671619375243552,0.6730390952867263,0.6941966482881851,0.7242432385664928,-0.7789298675550806,35.016441345214844,PointLeft,1760929494.6171572
114.9120206509414,0.9903827306498183,0.6774792896965157,0.6763468494152424,0.6666770271810275,0.727239773055179,0.6919924299888758,-38.12324523925781,PointRight,1760929500.6014388
91.85921060518095,0.6665330774536082,0.6656792797978528,0.6772063461982386,0.697081367513093,0.9989945571441704,-0.416525861025493,-17.16257095336914,ThumbUp,1760929520.6808934
114.71689528595826,0.6864269854271378,0.6688844082935348,0.6583269801677599,0.6807797762297915,0.9922564336638279,0.2506624837928351,15.667457580566406,ThumbUp,1760929532.0419445
101.76589934125553,0.9900404474601583,0.9854872399033584,0.693494827856473,0.6915298301906269,0.8532954617159125,0.8769231129821197,72.67045974731445,TwoFingers,1760929543.3705451
128.00797120240702,0.9944411801519446,0.9834127635607133,0.6755138215911319,0.702930913468721,0.6794948567928464,0.6850879190251851,88.51829528808594,TwoFingers,1760929549.6725247
95.73497649979815,0.9744163460466325,0.6804462169329194,0.6711151352427631,0.6615487037063041,0.8450904116027447,-0.9517889288200749,-13.755149841308594,PointLeft,1760929567.7058024
114.32528772240182,0.979858243530345,0.670626835274811,0.6760291785367593,0.6868360803664046,0.8352692468847551,0.9894933797696966,21.126346588134766,PointRight,1760929574.340658
97.30802445066763,0.9809532217094491,0.9946915264732024,0.9941874773614034,0.9873203407226936,0.9998258258306334,0.7592996775741169,-66.25068664550781,OpenPalm,1760929596.8446476
79.43956563581763,0.969422750675311,0.9957380447015406,0.990964874027954,0.9909852552355352,0.9985174356792688,0.4794266097449482,-54.701595306396484,OpenPalm,1760929601.1779013
71.47351874541576,0.9793252011734532,0.9971595566723401,0.9861654041891873,0.9843068307338196,0.9891981760390359,-0.6140519970712296,56.49372100830078,OpenPalm,1760929605.7884636
70.39177415207776,0.9846005978189721,0.993636890820877,0.9892077876948466,0.9812967867648165,0.9999969911337581,-0.8941387630414652,70.17967224121094,OpenPalm,1760929609.0814013
109.2767515624437,0.6681773721214621,0.7111393990551749,0.7120141554463174,0.7319365471227296,0.2356344071237551,-0.7842932566568351,-91.13605499267578,Fist,1760929619.7063708
58.32247028157937,0.6647466941322756,0.6568283398773103,0.652236764569171,0.6807909027438955,0.6791200970711967,-0.5424568204935931,-54.20804977416992,Fist,1760929625.9939117
126.27356417330023,0.8565036802826951,0.704669577851039,0.7154111051943012,0.7583783865208694,0.4470943920182365,0.6539650786185447,91.9021224975586,Fist,1760929631.0181153
54.58661507007008,0.6680558389936913,0.6629492769173194,0.672462585615901,0.696536925040824,0.7217013463442827,0.24069519101645037,54.566497802734375,Fist,1760929634.2815013
103.0802041572126,0.9824013464237743,0.6927261949643174,0.6871882522281368,0.6859992435112923,0.8142107543921329,-0.9988319930220755,-56.61140441894531,PointLeft,1760929642.0093346
110.772654744049,0.9782785587006786,0.6695463558902377,0.6858380422531859,0.7041759479854323,0.7766142919372756,-0.7175832991521499,28.832435607910156,PointLeft,1760929646.057928
123.9608099757526,0.9868326864588074,0.7140873995110901,0.7109492753751089,0.708300595394217,0.7720477606614715,0.44941998871538386,-46.73027038574219,PointRight,1760929651.7857175
112.91566048542151,0.9798891002173876,0.7098106483006474,0.7657848680902958,0.7841114971648125,0.7080605074621071,0.9802159517463395,24.275665283203125,PointRight,1760929655.7257648
110.77060781389712,0.6718405199544768,0.676432299694348,0.6783409419146903,0.6803754120610305,0.9922815672212661,0.897413955448136,-53.08347702026367,ThumbUp,1760929662.3948221
98.41548904295507,0.6857182785597408,0.6747336927374805,0.6673694693622599,0.6633808793771079,0.997956174735348,-0.03719905856626459,72.77301788330078,ThumbUp,1760929666.933118
111.24910751506589,0.6729479897025747,0.6668081115061657,0.6776016907715192,0.6936445273912785,0.9999809656351719,-0.032496029639954835,-75.2084732055664,ThumbUp,1760929677.1937525
139.89998617399462,0.6680141730808321,0.6672272708774095,0.6836591694041673,0.6878466868015325,0.9972292044844335,-0.9020501268720501,50.511131286621094,ThumbUp,1760929682.0420504
114.23209293659617,0.9878574944344369,0.9918214011749368,0.6735971722072286,0.6924774288838563,0.46318049349555607,-0.9295672345820127,-78.82376670837402,TwoFingers,1760929688.7395236
93.84225197984726,0.9884072447233171,0.9820763505928357,0.6765309691332851,0.6938685089781327,0.8257500032469876,-0.7373850000319349,-61.440982818603516,TwoFingers,1760929697.1924317
85.21786518042066,0.9764610118100944,0.9711532318770253,0.6620400450020547,0.6846014967853251,0.7550239924125596,0.5802311569114995,62.334442138671875,TwoFingers,1760929704.0119348
84.64181277780916,0.9908928381998051,0.9731778171811447,0.7073989398242847,0.6968621286955111,0.49905601420028023,0.8685858128451565,74.49039459228516,TwoFingers,1760929706.3457117
112.80303772895441,0.9884707789506232,0.9954096363678642,0.993609682705438,0.9886084208093145,0.998198133270308,0.6009083146768895,-71.20918273925781,OpenPalm,1760929810.3301253
127.22222770803714,0.984295715739949,0.9980131445966608,0.991906172003048,0.9945740385743426,0.9992431937007062,-0.7997167444485773,86.81961059570312,OpenPalm,1760929815.4516687
74.32597750048784,0.9895149616012139,0.9990236892438512,0.9968205258439139,0.9920761339724385,0.9996285119637909,-0.4318182673802227,61.86357498168945,OpenPalm,1760929821.8032146
84.1508382869425,0.9904157343987264,0.9948557522473397,0.9939599972612773,0.9956797991511322,0.994934394760407,0.3264595202524012,-69.16328430175781,OpenPalm,1760929824.504354
70.10917843995011,0.667300186635026,0.6689741760863989,0.6676536075746462,0.6905653399234092,0.6099583898110426,-0.5739767986815809,-56.575050354003906,Fist,1760929835.9141202
72.34935762682173,0.7461724500452935,0.75622062600333,0.7667566573627519,0.785686251296028,0.6680668320394989,0.8580083059374666,56.397762298583984,Fist,1760929841.594212
72.67424506185462,0.7106580722080705,0.7169964781107575,0.6813417730010255,0.6538677412197548,0.7222519602001205,-0.789994329356178,-62.723388671875,Fist,1760929844.905573
73.1165794329499,0.6567387806224912,0.6597442042621163,0.6688477362596245,0.6888746343104635,0.7084062573429477,0.21441039136068382,59.35352325439453,Fist,1760929847.3861482
96.15838402825635,0.9681831738892317,0.6904850662599346,0.7137447644030538,0.7164037828246789,0.7633379424035298,-0.9779071447933984,-19.905967712402344,PointLeft,1760929855.9249697
89.01621786553461,0.9926648170097417,0.6690261869328019,0.6779876204179031,0.6956336858556705,0.8262125195512997,-0.9202129612728338,24.380836486816406,PointLeft,1760929860.2818112
77.56888838754031,0.978983644022757,0.6822065327656816,0.6860054789298974,0.6973319798675677,0.8244159614136881,-0.9295066981012601,-41.8730354309082,PointLeft,1760929865.7700393
93.56982882011363,0.9805630179924458,0.711767198497051,0.7161186308998732,0.6900868475605041,0.8587986804678147,-0.8287769968932139,27.775726318359375,PointLeft,1760929868.554207
120.29155765824277,0.9752888072855592,0.6957029920337564,0.7014765159310249,0.7389143078969593,0.8614560123373503,-0.7804275878934867,-27.267017364501953,PointLeft,1760929877.9480312
112.39028530575825,0.9852324735086645,0.6940453658143534,0.6986828680232605,0.7304119527343809,0.9022147556104072,-0.9999835129259543,21.036720275878906,PointLeft,1760929886.2977533
89.4467552783692,0.9757869567905386,0.6655437999753783,0.667171662862676,0.6850165867524415,0.8549903018053122,0.8217095985636844,35.87226867675781,PointRight,1760929897.3850775
81.72009244631145,0.9748004265004626,0.6793561551296369,0.6784330063173046,0.7060555903179583,0.9386539169507384,0.9933683652618279,-11.543121337890625,PointRight,1760929904.838419
100.85572042816197,0.9877009794615903,0.722873940375398,0.8797608235796034,0.8821850265773307,0.7543834367436452,0.5837335192316934,-36.241912841796875,PointRight,1760929908.6078749
88.29765780925194,0.9900580488238567,0.6702800932359775,0.6773124910334242,0.7049198896512356,0.8936285428505072,0.9525652891070902,-11.23687744140625,PointRight,1760929912.0745986
108.20836486878733,0.9859936980225106,0.7293598022046516,0.7350436212086396,0.7675531726435515,0.9226697389018454,0.5946144386159595,-74.55787658691406,PointRight,1760929920.0734372
109.41504023805294,0.9933673991945274,0.7763096810962766,0.8081968994610683,0.8133866718859334,0.6620593454377728,0.9971011527621283,36.86424255371094,PointRight,1760929922.7470863
100.15258993939524,0.6623293213468106,0.6764454249079255,0.6914398376017988,0.7039777413603496,0.9944706955487159,0.3636576702053011,15.736083984375,PointRight,1760929928.9862769
99.19595366388387,0.661778625310626,0.6732564454752986,0.6838065398748093,0.6848276736132884,0.9985436406467283,-0.17864188781369705,68.00682067871094,ThumbUp,1760930064.9861743
112.31807841727932,0.6733744009158973,0.6790334258102119,0.6912483342768215,0.6971732047797223,0.9980220026926014,0.5735098580804775,-0.058765411376953125,ThumbUp,1760930066.5866413
124.03115333042149,0.6879913219769477,0.6794169323828795,0.6699182966043725,0.7019360966287292,0.9966946147389069,0.9061852200461256,-58.57969284057617,ThumbUp,1760930068.4256058
135.29831961331328,0.680996858514658,0.6707883164104845,0.7064283303263733,0.7310474949738128,0.9999847188238056,-0.8570238723408535,30.132293701171875,ThumbUp,1760930072.2113276
122.06296687675399,0.6601688078299904,0.6793678398352005,0.6915057272219559,0.6982557236661769,0.9991724492345996,-0.44103822178874674,-29.17623519897461,ThumbUp,1760930074.0740843
104.46820612669754,0.6710299620950338,0.6703719481206832,0.6837460918398736,0.6944482211171251,0.9995671299688619,0.04518664094296799,-73.27720642089844,ThumbUp,1760930075.2251093
91.14293195694255,0.9889151486774641,0.9916199228803865,0.675792268390861,0.6778008226047846,0.8387717800921445,0.7962684117738862,85.6008529663086,TwoFingers,1760930079.994927
131.30883021046134,0.9853493623939601,0.9930833887690902,0.6718985658870391,0.7029228342766835,0.6175815389751884,-0.8980424492294766,-71.43413543701172,TwoFingers,1760930081.6905403
140.69846027621293,0.9950706303064111,0.9895846034508687,0.6738474414579853,0.714500401169667,0.741729140242626,0.6213377948072967,87.78507232666016,TwoFingers,1760930084.917185
96.93609193800084,0.996709413859978,0.9884133113435981,0.6786083911894701,0.686853527406574,0.7939511402113038,-0.8668752140847784,-87.20024108886719,TwoFingers,1760930086.4730282
104.07052950179934,0.9958609976309954,0.9884367548108896,0.6812200652167051,0.6926043946753909,0.8572073544702181,-0.9580239967722838,-65.94501495361328,TwoFingers,1760930090.9290571
122.03688241666694,0.9918817577220166,0.9895508394498059,0.6822398322810543,0.6890191373515385,0.8886404802408903,0.9702972242224424,53.928585052490234,TwoFingers,1760930093.1942773
105.43999496189245,0.6805003754172678,0.6772813324882699,0.7178221006976285,0.7249798312742941,0.6786307271096294,0.9761695811064965,67.08213806152344,Fist,1760930101.0177257
94.75158805591373,0.6630681754371901,0.6641947252737402,0.6702877412112143,0.704805786656745,0.6584250470306678,-0.18826559471927076,-73.07819366455078,Fist,1760930105.9142673
92.64596513907267,0.6717370004063642,0.6680162745888648,0.6713948025037495,0.6902564667278591,0.705751454457334,-0.9172227100837256,-66.18118286132812,Fist,1760930111.1306133
92.78313667280058,0.6641355673275352,0.6661633029342008,0.681442234917773,0.6974218370809576,0.7905248603216215,-0.24948278987934797,62.30876922607422,Fist,1760930112.525632
90.6441026891879,0.6647064034865541,0.6633517395065359,0.6524515851713261,0.6938602698498672,0.6711685729010368,-0.39864182085953437,-75.26823043823242,Fist,1761073910.832927
96.20459415494723,0.648554369335231,0.6014137553262239,0.6296046988401754,0.6922963509748975,0.6103006492788826,-0.38681927008018596,-79.6647834777832,Fist,1761073914.0326915
67.67879482461261,0.6578665306677861,0.5902846712037876,0.6443250264178126,0.712502096642264,0.6364959020814744,-0.3615755553022451,-58.07188034057617,Fist,1761073915.8089967
79.6170904478473,0.680431668430043,0.4825606679603586,0.543977422772704,0.7265242698027001,0.4938713604978211,-0.6659878926842634,-62.879600524902344,Fist,1761073916.6891232
86.300844535922,0.698302074332994,0.5925579317492926,0.644792236595806,0.7708521027318108,0.4849971343498233,-0.6655045346677402,-65.11192321777344,Fist,1761073917.1853023
86.09955573740159,0.6674405091730637,0.5404213322336661,0.5571393021566539,0.631447251426614,0.5709097716354005,-0.5376035824340706,-68.79066467285156,Fist,1761073917.743277
92.86085767152548,0.6626261302577575,0.6090930172192187,0.6044163740285718,0.6278950976121274,0.5096654187197088,-0.6698639553377672,-75.14453887939453,Fist,1761073918.224808
100.43599821030655,0.661035470416708,0.6078028478948174,0.6080682200309622,0.6573460043308833,0.5659290557605844,-0.5492361993358764,-81.2880802154541,Fist,1761073918.6878119
111.30453023692868,0.6606235040944112,0.5821753684070434,0.597994387409953,0.6440085714895876,0.5789370646850172,-0.5018425347943486,-90.97785949707031,Fist,1761073919.1211371
124.6693654119192,0.6588179691545955,0.6230165420521373,0.6164998034914628,0.67832045724212,0.598400744257865,-0.46428564059668354,-100.35919189453125,Fist,1761073919.5522618
137.1690111894414,0.6688903418138966,0.6649498962972002,0.6209061402966647,0.6982533160682642,0.5880854190219824,-0.47983543301413956,-110.51148891448975,Fist,1761073919.9203815
143.78406609179993,0.6685943215732566,0.6394342041287069,0.5826851795675906,0.6671101741368591,0.5740012754539977,-0.4998496729966921,-115.91822624206543,Fist,1761073920.2891438
118.86476074413552,0.6548895542263868,0.6324578147694314,0.6576291021525978,0.6997077112666382,0.610505595657376,-0.3818199858556008,-97.84167289733887,Fist,1761073920.6883526
102.4635194988757,0.64965753371838,0.6131357070740614,0.6396672441927075,0.6973125238006271,0.6161729717721892,-0.3203439998671705,-85.03759384155273,Fist,1761073921.0571
97.2136239793119,0.6430606396334383,0.6027320570548343,0.6313973218152581,0.6979500613356168,0.6363765315570654,-0.30584575261730457,-79.26387786865234,Fist,1761073921.3603945
96.07426509210408,0.7526163728724521,0.8642831326672097,0.9663925490340016,0.8866910181068239,0.5605490641546151,0.8335720619595351,72.01654434204102,Fist,1761073923.1686807
96.56316182712878,0.7233030877431293,0.7746175562935251,0.8403616693533266,0.9693884778985865,0.5875424547633057,0.8631308879390406,75.48542022705078,Fist,1761073923.5673285
104.56574602607958,0.7139448624848793,0.7334038151015831,0.7422102003442896,0.7256326391977229,0.6235323485499514,0.8391640136895798,82.18708038330078,Fist,1761073923.9394424
107.9979961718759,0.7036682700376451,0.7084596462884818,0.7102780751623755,0.6944917309633708,0.6419605160172877,0.8719602305873175,96.39467239379883,Fist,1761073924.3363388
106.73751867441669,0.7031922184565064,0.713468114645762,0.7114054682354881,0.6995898309713654,0.6607341862362571,0.8474122125962231,94.25724029541016,Fist,1761073924.6728451
102.5202240457724,0.7190444740272705,0.7455431601442625,0.7642966902965173,0.7491496471178073,0.6150013503279833,0.8954900091944777,81.01037979125977,Fist,1761073925.0724792
96.66364520808297,0.7166169947073716,0.7446194948682395,0.7322845942774748,0.7420005800852856,0.6085306242092507,0.8786581048870756,75.94972610473633,Fist,1761073925.40879
89.4187089561089,0.6809992232023049,0.7342305280212466,0.75068166294069,0.7322628386953607,0.567809664769118,0.7980137702108462,69.3687629699707,Fist,1761073925.872483
88.50297095834678,0.6899192290992429,0.7505777458740002,0.7734110899988401,0.7435624294167127,0.565266736794059,0.8147210588136419,66.81070327758789,Fist,1761073926.271817
92.71267427570571,0.7236114402750008,0.7535562352215158,0.7706900653584974,0.7411059572894763,0.5984162561935106,0.7961076248636376,65.16746520996094,Fist,1761073926.67268
92.27549848433117,0.6878598864429284,0.7493607794979233,0.780261862284127,0.7551281810994145,0.5668914929777515,0.8908932674417755,69.45005416870117,Fist,1761073927.0109549
93.38483998333152,0.7010030098774441,0.7109750922288689,0.6734258373736625,0.7131802085364801,0.5980630027937176,0.9067285040820994,75.02281188964844,Fist,1761073927.3455849
92.81646607592172,0.7012763569437962,0.7179695465954498,0.7214689847275021,0.6962236751335987,0.60480104706426,0.9063189089845365,76.45118713378906,Fist,1761073927.7441669
99.53165506304688,0.7121814970023189,0.7289119571680279,0.7283267377613827,0.7181213785706043,0.6968923860177556,0.8455263991590121,76.53800964355469,Fist,1761073928.1444142
99.96383349137349,0.7146876550455836,0.721997189870074,0.7243054172880882,0.7239761915688904,0.6718037644134255,0.8961077493105256,79.755859375,Fist,1761073928.5446453
69.34576180606692,0.677149868764339,0.6650307973600418,0.6636354458486197,0.670982055608969,0.7286862541288982,0.19513698379079747,57.841835021972656,Fist,1761073932.0318127
72.76546620479036,0.6744585668270141,0.6727316321954527,0.6671621224399004,0.6853257875922049,0.7239591690270211,0.2081986034148531,59.52777862548828,Fist,1761073932.5282593
71.4335280200176,0.6700592789271312,0.670690031120452,0.6655837508784374,0.6814698038811001,0.7203689329534146,0.21969083573561787,59.128456115722656,Fist,1761073932.768242
71.44277099316525,0.6665063124104015,0.6583422180660183,0.6614876891686351,0.6798980472686941,0.721124169154599,0.21666798280076366,56.4215087890625,Fist,1761073933.1047757
70.37910055079418,0.6554915859888715,0.6502850235946672,0.6647844060796222,0.6834803021544095,0.7230305292923445,0.20668941643289143,54.47856903076172,Fist,1761073933.4718513
69.10492320732787,0.6523044989620127,0.6490395182478682,0.666164252793008,0.6855036573663068,0.7179409380876625,0.263508625591363,54.06513214111328,Fist,1761073933.809862
72.90954757090275,0.6440574727976386,0.6455697774846789,0.6607671420727516,0.6803728408128965,0.6945738982789613,0.29315768273519677,61.73591613769531,Fist,1761073934.2404904
71.99869864414983,0.6388834107161002,0.6224606803439133,0.6558377475246914,0.6843592321186817,0.6714679873272698,0.2877556639736461,62.77130126953125,Fist,1761073934.5762613
88.05132186517919,0.7192298707814251,0.8587357656680483,0.7882637882139919,0.8842593801144895,0.5366906513422521,0.4429033476980284,68.36204528808594,Fist,1761073934.9436507
91.5294716257872,0.7053196957152575,0.7120112697861957,0.6530668522510918,0.8026934625175363,0.5809108600247659,0.3849096301285843,69.03850555419922,Fist,1761073935.3118103
82.08437859738343,0.6402709827204172,0.6073337635845512,0.64099855829232,0.6878811306142687,0.7048306061123333,0.20401913751984596,66.90414428710938,Fist,1761073935.8411002
86.21273721152168,0.6625790186681768,0.6446674226624104,0.6684611289643029,0.6909743184067775,0.7749830716264838,0.20859271876001467,60.854225158691406,Fist,1761073936.304215
86.0575214942858,0.6664012615356202,0.6466684217494145,0.6686013532917978,0.6912446087016838,0.7932736252416546,0.22088299547682916,58.859214782714844,Fist,1761073936.5437484
85.80653505422973,0.6634662803448931,0.6389619059819656,0.6579804273677969,0.6846505841907989,0.8033715176567933,0.24577066272622505,58.139076232910156,Fist,1761073936.8162076
85.40036115380856,0.6556400044820366,0.636333446837181,0.6626970112912726,0.6908747777734819,0.7645617731352978,0.25971057626006183,63.04676055908203,Fist,1761073937.1526268
83.6716849511392,0.6519361240624092,0.6429734989068229,0.6618277336561418,0.6849088178401187,0.7354262241974748,0.1315604112346744,63.542213439941406,Fist,1761073937.6158698
83.76918779585937,0.6708201769232712,0.6590535834713765,0.6578526271278791,0.6726381461989487,0.7327578865082207,0.0887794925554308,64.21478271484375,Fist,1761073937.8878415
81.78469670983279,0.6698028467530762,0.6512520037420095,0.6579580863707846,0.6457579976790754,0.7230292016701849,0.1411064583553644,62.15400695800781,Fist,1761073938.1764317
86.48052747423792,0.7007164922928796,0.7056819409445337,0.6864961887088143,0.6624634568342581,0.6717232492743627,-0.7564111166848111,-71.47457122802734,Fist,1761073939.7601755
90.29793260575269,0.7001243238169234,0.7008039786709587,0.683894752361416,0.6720579157325268,0.7200002495568638,-0.7928865316059809,-75.88844299316406,Fist,1761073940.1604278
86.77361160601535,0.6890473582887768,0.6817102477660519,0.6698577224875711,0.678654082475345,0.6929181333018382,-0.9060497895754522,-85.99555969238281,Fist,1761073940.5278304
81.76490081989422,0.6876182834620531,0.6811371045689177,0.671538601000517,0.6647486487949839,0.6928409766536388,-0.8188467759727046,-91.82929992675781,Fist,1761073940.9922712
99.84453681987434,0.7101929726958526,0.7233272573465749,0.7091833239349178,0.6672247294964389,0.7495886494024147,-0.7331677546202037,-75.74592590332031,Fist,1761073941.3925862
99.44425510764911,0.8001679355188083,0.8918560580513306,0.9224097197527512,0.9294585403021064,0.5834278264137578,-0.9702239381491058,-68.43017578125,Fist,1761073941.7915173
97.10452637102948,0.7202443470487365,0.7405870198009622,0.7194770167915155,0.6777878771974835,0.6235873481284062,-0.9549757600535237,-66.50672912597656,Fist,1761073942.160059
97.86580259686757,0.7080449470391695,0.7147351370719832,0.7043697043252916,0.6525309273408567,0.6212180076187879,-0.9910949223350608,-61.46385192871094,Fist,1761073942.5595672
95.56958940159238,0.7019889537969372,0.7019828740568234,0.683314861566466,0.6845257006840253,0.6598360389775941,-0.930782670626648,-69.80194091796875,Fist,1761073942.960146
95.6694488942573,0.7096793068856032,0.7165581509093676,0.7004049067833894,0.6658949830824624,0.7028250552862544,-0.8154140787794057,-75.65471649169922,Fist,1761073943.3281403
87.9439256936783,0.6865854417403313,0.6861725691545972,0.6628116155895101,0.6807421980292897,0.6372186921900613,-0.754045138491261,-80.88546752929688,Fist,1761073943.8397908
79.59178134555219,0.6812865252025081,0.6780052685970839,0.6673057329199725,0.6743841814743421,0.6422828302143225,-0.6841354763280986,-82.9534912109375,Fist,1761073944.2396514
71.67117163333783,0.6847879667527513,0.6825811938318807,0.6753399137936826,0.6713671376114716,0.7253927574864167,-0.5968142859158264,-89.7671127319336,Fist,1761073944.6402729
73.67595579957377,0.6821845864667804,0.6695741061395037,0.6697369079010885,0.6611610291971957,0.7773757318671636,-0.5885248334747811,-87.79495239257812,Fist,1761073945.0395927
70.36974178589591,0.6820969444693453,0.6591567747237289,0.6654983840795873,0.659805580343919,0.7733319145850939,-0.6992482376131595,-86.68354034423828,Fist,1761073945.440635
78.24525112052993,0.675791410880629,0.6566262300761975,0.6612842812774536,0.6636741218704207,0.8506978700180703,-0.7698436268195142,-66.40892028808594,Fist,1761073945.968292
93.24019016729643,0.6938018785349805,0.6828420618097235,0.6775132078868924,0.6664457319242841,0.7162779141908844,-0.9393571476504027,-75.95767974853516,Fist,1761073946.447662
96.75431740818551,0.7038991723871569,0.6988375291858215,0.6907358376166539,0.672496391558198,0.7314810507518845,-0.9245032408149537,-75.83972930908203,Fist,1761073946.7998946
96.10752891039584,0.7117886851972566,0.7210949238321681,0.7090310648594738,0.6553564374231635,0.6774191416911991,-0.8509972163929475,-73.73443603515625,Fist,1761073947.1685138
96.17958583449563,0.7164659863776629,0.794090567649323,0.9393649635310761,0.8623193756819624,0.6252663526243089,-0.81398971863732,-70.60482025146484,Fist,1761073947.5844293
88.03379671854294,0.693777544376859,0.6880695356483195,0.6809823743973547,0.7045629580695976,0.6516874987324819,-0.714403859068288,-75.28461456298828,Fist,1761073948.0154545
90.06325194158488,0.7001394331927351,0.7125092400462604,0.6994287786687892,0.6575140403994361,0.6750491408163619,-0.7498752024774314,-78.09249877929688,Fist,1761073948.3838227
96.27954650316373,0.8468912347544263,0.9286094643595293,0.9369674936293121,0.9708274431470006,0.5273010055049023,-0.919594603340646,-72.98042297363281,Fist,1761073949.9209185
96.05759566996973,0.834136999037376,0.9104634268505508,0.924840500235174,0.956270900816005,0.5557591883848342,-0.9009868719676498,-72.21656799316406,Fist,1761073950.1958323
98.41121099419787,0.7524081517429141,0.8254974987577438,0.903762448264357,0.9780125174027607,0.612839145041963,-0.9150632857900455,-73.258056640625,Fist,1761073950.5604124
95.98909453401343,0.7028397602493447,0.6988143274143779,0.6836091961647045,0.6514861046810653,0.6907842389440314,-0.9075434099644206,-76.17534637451172,Fist,1761073951.0572884
89.89786195395529,0.6947249588309464,0.6880947581184618,0.6733893241268153,0.6729797038238178,0.6575722034814437,-0.9068281404923908,-82.01618194580078,Fist,1761073951.3929515
86.91464852291433,0.6927010047598058,0.6844945682703513,0.6754065946423388,0.6564286210452032,0.6575051086392767,-0.8471748262517521,-87.22763061523438,Fist,1761073951.791851
90.39421558619225,0.6910961713469826,0.686335640508291,0.6760910229292709,0.6626304062833978,0.6890642423711806,-0.7889423160859684,-89.58171844482422,Fist,1761073952.1598983
87.89045934754698,0.6932305051287306,0.6905281871542194,0.6802837601892225,0.6658435780707581,0.7161920344632532,-0.6481021053247421,-88.33675384521484,Fist,1761073952.4963152
89.02388864671444,0.6919321865466476,0.6896775398384524,0.678153294492352,0.6604335447277196,0.7185087778254303,-0.5932370628907293,-89.3239974975586,Fist,1761073952.7997448
86.74368797441385,0.6900810610396441,0.689159673730224,0.6796536462469485,0.6628423456479675,0.7144495197933511,-0.6097223526949858,-90.84415435791016,Fist,1761073953.1208189
75.42072647508527,0.677405785365162,0.6752331084777478,0.6681689104090957,0.656718442678118,0.964899377443579,-0.6741872065613946,-55.499324798583984,Fist,1761073955.5678127
73.99266106891753,0.677101683737472,0.6790468439437692,0.66949479357777,0.6674399718608294,0.8305852644804544,-0.9420360212735637,-56.38317108154297,Fist,1761073956.000708
74.5174430492599,0.679879995227972,0.678748844783358,0.6700014230203704,0.669346943460257,0.9125185344939657,-0.8359024535513081,-60.452117919921875,Fist,1761073956.3362198
76.65376417482382,0.6816984529758399,0.6782966421402072,0.6708776117793848,0.6661307233372619,0.8334610109988253,-0.9393848166400964,-64.11277770996094,Fist,1761073956.879786
77.82678667208519,0.6836417413871905,0.6787155498514048,0.6713643157282373,0.6664049370869473,0.7351712047660512,-0.9952501672920403,-63.987159729003906,Fist,1761073957.2801101
77.89898185120116,0.6863295100017955,0.676869614885959,0.6703053996609653,0.6588321858916577,0.7359187124735628,-0.9965182511856113,-63.73588562011719,Fist,1761073957.647799
79.07756123855312,0.6888992902708867,0.6794463292771867,0.6730075560581733,0.6611134944609616,0.7221228930800052,-0.9947301540636874,-64.9368667602539,Fist,1761073957.9863036
81.06244448522119,0.692438424453286,0.6829936646344859,0.6758100671458482,0.663305833962478,0.6817489214022455,-0.9999772884386688,-64.08782958984375,Fist,1761073958.3846
81.82775973701425,0.6952071694709306,0.6859186907909903,0.678563378311535,0.6660975602249458,0.7220732164352224,-0.9911213422407434,-64.28333282470703,Fist,1761073958.6720202
82.23355600439581,0.6903219165746696,0.6823629856448384,0.6748802701372729,0.6621409828905526,0.7087902999637545,-0.9938764256324879,-65.16796112060547,Fist,1761073959.0726
75.29261388247444,0.6712830899536727,0.6604984210175467,0.6574982130243919,0.6874379316208458,0.6895562511981712,0.12138323673635655,-55.447540283203125,Fist,1761073964.1925867
80.68829357178643,0.6611584901253162,0.6555762167378161,0.6573815606059337,0.6798261665758601,0.6861739572483099,0.012300703824966185,-65.53386688232422,Fist,1761073964.560577
84.80568534622888,0.6649035175769423,0.6755902477376737,0.6764039242823712,0.6712800884138814,0.7060566455413381,-0.2713901791453457,-70.29989242553711,Fist,1761073964.928107
90.01413702188417,0.6654581331003993,0.64847330457277,0.6590329688230763,0.6629831820783697,0.7206836668621429,-0.44096670939848626,-73.70887756347656,Fist,1761073965.265993
91.38505895018037,0.6504921580491221,0.6510312029515366,0.6608757803779409,0.6739570520985237,0.7113383464461913,-0.3196978151855331,-72.49094009399414,Fist,1761073965.600752
90.93158932538238,0.6753823623918791,0.6499670312166191,0.6579164121713564,0.6855565866864556,0.6777857713855838,-0.15650531058532696,-73.57925415039062,Fist,1761073965.9369633
98.58885110351447,0.6622826549198586,0.6359453265365351,0.6530646267655098,0.6987632522884019,0.674421897808077,-0.01405151825521049,-73.03262710571289,Fist,1761073966.2403336
105.74870752681342,0.6684950668361935,0.6547922710480696,0.665595577698492,0.7032422015850753,0.6953003318516053,0.043750348983648,-76.1794662475586,Fist,1761073966.5770574
110.53905342682211,0.6723881032528625,0.6592315991473946,0.6679788448996199,0.696874661888797,0.7263042836646604,0.11195375346219673,-79.01056289672852,Fist,1761073966.8956118
106.29392415655606,0.6640761085830484,0.6473348981742407,0.6620419987347853,0.6941121585950896,0.7441990224715799,0.127891826069081,-77.1481704711914,Fist,1761073967.232624
111.6624863788114,0.6745249943665228,0.6634738682045423,0.6761275544355198,0.7009042737165571,0.7375848388415859,0.01633355037539244,-82.9184341430664,Fist,1761073967.6325598
115.75703377623822,0.6689425192776005,0.6502678078039086,0.656134440854136,0.6863519306122964,0.7344813752870382,-0.11535731264142289,-90.73715209960938,Fist,1761073968.0497055
107.37430683808623,0.6651883216115592,0.658395598632729,0.6611720906624207,0.6881987662507494,0.6966369028676161,-0.2277587615585246,-85.33823013305664,Fist,1761073968.3677979
91.30322124809396,0.6647048067234441,0.6558877202780763,0.6639496080092041,0.6904201357087932,0.7055491703911099,-0.24257713655252694,-73.87981414794922,Fist,1761073968.7368646
76.94916047580435,0.6599559718118713,0.6490850932927654,0.6566896164940329,0.6936949135790919,0.6977196358374633,-0.2917166284301283,-65.12205123901367,Fist,1761073969.2152145
90.09559584858445,0.6606355136789325,0.6462050396268698,0.6511679495811654,0.684236204274904,0.6967653587717512,-0.31236287364038606,-73.9285659790039,Fist,1761073969.8723269
99.1046733677953,0.6692776208658028,0.6529229618557909,0.6563954882703312,0.6788572119259086,0.6560842014421633,-0.3739714721604608,-79.62194442749023,Fist,1761073970.1438782
118.70697369474958,0.670495390524453,0.6540384596082247,0.6581371886957811,0.6845696531254551,0.6534324851955831,-0.4099746507336533,-94.9444580078125,Fist,1761073970.5446124
120.90547749970423,0.6683195626977797,0.6498734903989578,0.6213033424258073,0.6907592641614316,0.6695753242826398,-0.3902818100588386,-96.68337345123291,Fist,1761073970.8797076
124.29766081614805,0.6733340276084651,0.654695790663227,0.6203211646838587,0.6948988381057711,0.6518724181931451,-0.3940221036190294,-99.17549133300781,Fist,1761073971.2483723
94.99016142413865,0.6826618242799117,0.6645452936808545,0.6872368545618865,0.716873132430451,0.7564253126731906,-0.35176997727136716,61.80259704589844,Fist,1761073974.1601868
102.01991381399473,0.6844668169055993,0.6727518787460068,0.6908815536569808,0.7202841424814794,0.7740746610351514,-0.4437353195063995,63.20148468017578,Fist,1761073974.4641979
114.32456592031674,0.6969061892244693,0.6676093627434557,0.6756796338966294,0.7018361297003836,0.8384036850550534,-0.526608703802545,66.0586929321289,Fist,1761073974.8004391
129.23004243906644,0.6816515513346503,0.6649742713667698,0.6754077119486176,0.7053095180713203,0.8479829618360288,-0.5584497338424204,74.22073364257812,Fist,1761073975.136027
128.53329969730174,0.6760432531561943,0.659734323371549,0.6779978401651964,0.7319820997175112,0.781781443230346,-0.3245938928820699,85.99586486816406,Fist,1761073975.503389
114.21208803426224,0.6575783132709891,0.6338556383409697,0.6631416896645628,0.7174938206074222,0.7538017327499976,-0.17073713599374582,87.03044891357422,Fist,1761073975.872349
104.3435004148473,0.6440308116779417,0.6324633259368925,0.6584766820365365,0.7037474354040305,0.7231577889176238,-0.025802458613006982,82.67406463623047,Fist,1761073976.1287825
96.57280701526587,0.645804606500266,0.6325191289387196,0.6578385452692066,0.6965731004803798,0.7211368294528582,0.011137980566220113,75.49140930175781,Fist,1761073976.4346693
87.29436450320641,0.6524048835231172,0.6466766288049631,0.6679180992082494,0.7005258378600706,0.7209307907291138,0.02532054084107685,69.81403350830078,Fist,1761073976.7998185
83.27870275795931,0.6555476346203889,0.6478268538717583,0.668815766073382,0.6999214156643588,0.7303372554055705,0.0509504857204176,66.30340576171875,Fist,1761073977.1043828
95.36709847686603,0.9783006316908884,0.6693489776505196,0.6715821472962961,0.693919071448478,0.8364056890256076,-0.9050286186955494,33.85169982910156,PointLeft,1761073987.1363108
101.36895844662453,0.9786275750960457,0.698093476184555,0.6864387641300068,0.6884288170405376,0.903706866114975,-0.9357050884698018,37.99579620361328,PointLeft,1761073987.5999722
111.37875797240282,0.985858222365709,0.7261908967970424,0.7167527241104472,0.710187231503261,0.9546173258917352,-0.9698101190932066,37.243080139160156,PointLeft,1761073988.0321994
114.69505203705768,0.9899182306598108,0.7351849864055305,0.7220272495801691,0.7094110508421426,0.9779147277559601,-0.9842778679813491,37.505340576171875,PointLeft,1761073988.5120823
115.19188080561864,0.9860262737046233,0.7233643398739416,0.7104217140197738,0.7070949006423216,0.9988313591975017,-0.9999724123542644,35.595855712890625,PointLeft,1761073988.9119833
114.34735525959293,0.9833421153394152,0.7028624965066991,0.6887980344892872,0.6941162537249186,0.9993918880149093,-0.9958886577325918,30.46062469482422,PointLeft,1761073989.376994
112.53917762533148,0.9834965926828954,0.6879370442341232,0.6731606166019768,0.6855998952611108,0.976200560862811,-0.9254501696604649,24.94354248046875,PointLeft,1761073989.7757592
114.59773621915978,0.9916274020044575,0.6847329658970528,0.6712586854026266,0.6917018742594975,0.9487238070952412,-0.8714108223719582,17.78369903564453,PointLeft,1761073990.1788602
116.2250119466655,0.990507547602962,0.6926768096060257,0.6839651486198547,0.7036984175634959,0.8958004534778072,-0.8524857525509695,9.790725708007812,PointLeft,1761073990.5760732
114.03718350459182,0.9867644064286069,0.7009559090501926,0.6931577252184553,0.7066994545058017,0.8653327215481793,-0.9130940983750981,8.157844543457031,PointLeft,1761073990.944224
109.42644949766631,0.9841707652560526,0.7015734067704106,0.7005384804223712,0.7023088962029633,0.8534084261526529,-0.9304209851476045,3.7477874755859375,PointLeft,1761073991.3120213
108.31207056323396,0.9829201692594153,0.6952364279200164,0.6962729812951599,0.6773742637008153,0.8102334103000577,-0.9361197577666384,-0.916748046875,PointLeft,1761073991.7115571
104.41449831850335,0.9810190594375373,0.6690919850086489,0.6884600260859894,0.7158930921267131,0.9998500434150183,-0.7551516951581044,-2.8190994262695312,PointLeft,1761073992.0796883
103.31491423578073,0.9795183375945337,0.6902660148429941,0.7166276568097629,0.7426049107965026,0.939640263622658,-0.9596165828824149,-11.999435424804688,PointLeft,1761073992.4183977
103.05457207733818,0.9766691123479342,0.7049751963377631,0.7251165486080372,0.7488175226105676,0.852420209547019,-0.9999926163014098,-15.530929565429688,PointLeft,1761073992.7838926
98.97781800175552,0.9734668112849394,0.6655281632824414,0.6787746692891764,0.7033094042410043,0.7953975565560253,-0.9667611857645467,-15.178298950195312,PointLeft,1761073996.6250088
98.72597486421981,0.9815815822051985,0.6761220968155509,0.6881796399745846,0.7093639098244179,0.7735192700759435,-0.9765482038042771,-25.19824981689453,PointLeft,1761073997.4409742
99.53244988539132,0.9826486489709804,0.6654860959330203,0.6781014904417196,0.7058385882534415,0.8234114142228272,-0.9913037819116124,-20.64891815185547,PointLeft,1761073998.032915
99.02267256020485,0.9824222134302705,0.6605975214649938,0.683396326691961,0.7190885678884863,0.870603216077007,-0.9994898217794786,-19.27562713623047,PointLeft,1761074000.672346
107.28484923201573,0.9836936945334144,0.7130473832517955,0.7117821861065036,0.6978163821911848,0.9031389211116236,-0.9939549271961595,-12.944450378417969,PointLeft,1761074001.1069233
99.21862376187268,0.9784220957203001,0.6805601349910915,0.6628821131570738,0.7068642581163541,0.8955878954436386,-0.9961486345230737,-19.077110290527344,PointLeft,1761074001.6872098
96.87978209790215,0.9827813822043684,0.6900833174846955,0.7037948164204436,0.7288762031805284,0.8595285998538529,-0.9999928516700541,-16.667861938476562,PointLeft,1761074002.081121
103.40439790070656,0.9777104868605649,0.7067110771201471,0.7248003515758583,0.7439026817218761,0.8568500254641396,-0.9998785552513502,-19.87133026123047,PointLeft,1761074003.394898
99.36436475232263,0.9778037145494803,0.7093656813268775,0.7227385355791472,0.740600327163889,0.7049990237834071,-0.9394095453268065,-25.91289520263672,PointLeft,1761074003.8560212
112.25540453946681,0.9783486130993292,0.6894436503229375,0.6912945190857501,0.7091514695503948,0.9347789341011282,-0.969753646018966,-9.264392852783203,PointLeft,1761074010.9122128
114.71524938138614,0.9811463351351652,0.6888678565400771,0.6918484832590375,0.7086763646415077,0.9337120935873935,-0.9665403407790318,-11.092910766601562,PointLeft,1761074011.3453696
115.1276182286241,0.9854138457524501,0.686965681872214,0.6906613939891851,0.7077988888948777,0.9306102134337483,-0.9643052294157314,-13.927078247070312,PointLeft,1761074011.6849546
114.74577135346281,0.9846075975363396,0.6827799418321508,0.6897592385963875,0.7075924314751498,0.9324040571389273,-0.9604139352722042,-13.37411880493164,PointLeft,1761074012.0165217
114.477230094514,0.9867156604958861,0.6828078803383321,0.6905056398301884,0.7096779365121115,0.9338548341414736,-0.9625596130171482,-13.984508514404297,PointLeft,1761074012.3833387
114.38610165641892,0.9842052415121337,0.6861447099771483,0.6918595546227152,0.7098249247612566,0.945392054020229,-0.9533426749172316,-12.129573822021484,PointLeft,1761074012.7522302
99.14976032781932,0.9802547394677718,0.6976614769856951,0.6629483592871775,0.70962051137602,0.961631541308397,-0.9670890693199589,-11.297893524169922,PointLeft,1761074014.8161638
98.3427380043778,0.9816532756738668,0.7006968036622548,0.6730259417849753,0.7158395952616706,0.9708884483159721,-0.964948394026077,-8.969535827636719,PointLeft,1761074015.1844816
97.14901998977372,0.9797317267481128,0.6949026310242229,0.6639370657743486,0.7116657985859689,0.9824927810181843,-0.9578955463868714,-12.686729431152344,PointLeft,1761074015.5525239
91.88851177659272,0.9813158940936303,0.6883266154098351,0.6658401405361285,0.716839323493169,0.9935689583654186,-0.9601597210972325,-16.428546905517578,PointLeft,1761074015.9849117
92.56035444693389,0.9791418256024822,0.6908254933034125,0.6682961111289899,0.7132610409086774,0.9911574772301132,-0.9615826464364553,-13.948230743408203,PointLeft,1761074016.3531928
90.7002412620602,0.9778672161386247,0.6848830513217652,0.6638166417580985,0.7143744101408661,0.9982411616381324,-0.9718608089463621,-14.894695281982422,PointLeft,1761074016.7208004
83.85360739422114,0.98288496945458,0.7001710848454744,0.7082819590240375,0.7610710007325795,0.9674353398894837,-0.9930767731384512,-21.122817993164062,PointLeft,1761074017.1678748
76.66435808871125,0.9879758259230353,0.6960665476468693,0.704431663275709,0.7375150041278169,0.9059926286493625,-0.9985432946827447,-26.67074203491211,PointLeft,1761074017.762693
69.37825042931814,0.9882426372659124,0.6751932699399618,0.6917139679053154,0.7140014497811524,0.8599099610672228,-0.9621720327345687,-34.59440231323242,PointLeft,1761074018.1284022
66.19434693837164,0.9750551429436309,0.6923247904017659,0.6989418201685839,0.7018426461942419,0.832613000576092,-0.9281349951857679,-33.63908767700195,PointLeft,1761074018.5922647
80.90468841508344,0.972944859959762,0.6999249029769743,0.6964852741629951,0.7041478159990527,0.9248712149535314,-0.9946274987096677,-14.249954223632812,PointLeft,1761074018.9917219
116.07150627270019,0.9782191097862767,0.6739546071797471,0.664656622082446,0.6784603547333224,0.8424937036598985,-0.7995087424644236,19.275341033935547,PointLeft,1761074020.7040875
117.29968991146724,0.9803476259749129,0.6733968567695795,0.6603631088714778,0.6915861237351127,0.8175191807914319,-0.7529670301804982,18.220996856689453,PointLeft,1761074021.4092262
114.47216258932716,0.9775131716458203,0.6734830563071185,0.6569093814953697,0.713524436830323,0.8232104329350867,-0.7800763163596826,15.170841217041016,PointLeft,1761074021.8402548
109.56917188854975,0.9790930569913687,0.6707893795519143,0.6835800258934142,0.7336032391476163,0.8406020735322899,-0.7959509628451967,13.285064697265625,PointLeft,1761074022.1757734
109.22875257386619,0.9804498693595877,0.6686488444977631,0.6873771625533758,0.7370846998869744,0.8294256738881542,-0.7857934949900008,11.694259643554688,PointLeft,1761074022.5438192
107.17108665226567,0.984699401098935,0.6701656126704377,0.6925459947962657,0.7360340756930821,0.8396609299806607,-0.8197617290102764,9.284591674804688,PointLeft,1761074022.9442096
104.1337751041208,0.9829174228388601,0.6696124343998736,0.6924304632545906,0.7346321394724081,0.8385280313621297,-0.8219606075361837,8.29498291015625,PointLeft,1761074023.3123157
106.5742815420118,0.9820097654200155,0.669252167429866,0.6898141312158889,0.7279172523625519,0.8400642366246872,-0.839776777482908,6.3116455078125,PointLeft,1761074023.679875
107.35155055158013,0.9832176340273305,0.67027221661907,0.6928452897069772,0.7380554290881033,0.8360924125408397,-0.8397146990837436,5.481109619140625,PointLeft,1761074024.016666
124.34701426191774,0.977421256043796,0.6819051331183553,0.7007496780170345,0.742754315424679,0.8999713538672325,-0.8633173492564415,-34.25018310546875,PointLeft,1761074030.6076643
124.72814428741584,0.9726438714916196,0.6739288936763507,0.6865090404812716,0.7127335119795628,0.9152491697297817,-0.9414202494267065,-25.707683563232422,PointLeft,1761074031.0397592
129.15334662529062,0.9804556412949972,0.6771590303475007,0.6883463981950172,0.7151250937685166,0.9017335700431558,-0.8932677221255348,-36.6090202331543,PointLeft,1761074031.5818303
125.06268440063427,0.9787926420974445,0.6784847296927126,0.6947199664064883,0.7309884164804071,0.9080597281845697,-0.8822109719213985,-34.7077751159668,PointLeft,1761074032.1766918
131.70159456839423,0.9754283032047831,0.6659796681438517,0.6834099970963092,0.7107223459157948,0.9130778743450968,-0.9650963239594679,-25.583629608154297,PointLeft,1761074033.5037186
114.67670237935381,0.9858201278742548,0.6771537585959848,0.6730872021586659,0.7029826532606552,0.844526846269881,-0.9166823358451263,-53.412113189697266,PointLeft,1761074050.5606546
112.59053794462423,0.9849255160894184,0.6657982466255162,0.6793638016972583,0.7105584044355547,0.8518177346238557,-0.9429536901384412,-43.73180389404297,PointLeft,1761074050.8961563
113.64386302673921,0.9871910674626928,0.6746201461880115,0.6834664771182819,0.7335239072956571,0.8728525240720499,-0.9741174881456336,-33.85763168334961,PointLeft,1761074051.200219
114.76251545932385,0.9848038472872028,0.6747489545938196,0.6994625826092143,0.7301352531024907,0.8640600837519132,-0.9961738577901832,-19.894065856933594,PointLeft,1761074051.5360494
116.18455299970026,0.9876878457938719,0.6999071138143518,0.7283860608770691,0.7551865431799243,0.8791623754827511,-0.9999569099809077,-11.714096069335938,PointLeft,1761074051.8407576
113.31562836276129,0.9902712967118763,0.7183236720623009,0.7441106087906878,0.7694957119964908,0.883799827994964,-0.9953199252171441,-1.0149002075195312,PointLeft,1761074052.207941
117.10863703959113,0.985789587479744,0.7121137528376366,0.7319843973517952,0.7488134904462432,0.8719635819376584,-0.9893132699038283,1.3398933410644531,PointLeft,1761074052.5763044
123.1111760550411,0.9846143485049481,0.6819673865904838,0.7155187380855139,0.7596681624763041,0.8958560233919006,-0.9718606337027565,20.95602035522461,PointLeft,1761074052.8640597
125.8110031060312,0.9813906800447452,0.6820248300821645,0.6633841986303648,0.7211428334432198,0.903306297301084,-0.96262498271124,28.395767211914062,PointLeft,1761074053.1688313
125.86509317990179,0.9842692094831662,0.692650358628821,0.6797429461367522,0.7096535413609494,0.90413683597182,-0.9485738856431514,34.723968505859375,PointLeft,1761074053.6481543
123.08485073047902,0.9847393010783861,0.6936731851777859,0.6846211750625604,0.6833742940005365,0.8850929859989047,-0.9493014014032575,32.4176025390625,PointLeft,1761074054.0165327
120.94340701111678,0.9828589125778145,0.6992530366214561,0.6991427091552621,0.6612943591749696,0.8785257715988877,-0.9508304535270845,31.419696807861328,PointLeft,1761074054.304055
118.49542844250969,0.9829874064545626,0.695497611325329,0.6889020774127732,0.6674377585243633,0.857466230290138,-0.9672518803649484,18.129043579101562,PointLeft,1761074054.7550836
118.82725216544152,0.9849553739542425,0.6855508907087833,0.6706239075151187,0.7122197028162915,0.8427314112979918,-0.9697221397259509,13.576126098632812,PointLeft,1761074055.1087744
119.0599535380762,0.9805353493341498,0.6788013181285733,0.6699611595216921,0.7144773053560756,0.8539016631599408,-0.9843573402482915,8.485794067382812,PointLeft,1761074055.4404056
123.63099146483215,0.9748469856325886,0.6920835103680097,0.6785836979213192,0.6948200286849193,0.9977560938113222,-0.9945378456745053,23.44982147216797,PointLeft,1761074058.7206502
124.99665533198123,0.9757573902260441,0.6955088143420931,0.6832961049837388,0.6981932955002442,0.9965363960946998,-0.9923472003022141,24.635581970214844,PointLeft,1761074059.0253034
124.79186807360378,0.9745571447512161,0.6923307920623242,0.6811015864512494,0.695890598647305,0.9977151987868575,-0.9933452188978762,26.765174865722656,PointLeft,1761074059.36113
126.67856107270963,0.9757452787322682,0.6922080732162302,0.6797810712156247,0.695421957856936,0.99670851795221,-0.9923048224910022,28.00189971923828,PointLeft,1761074059.728432
127.78498786413768,0.976304012351293,0.6942435162216573,0.6835801600433129,0.7032664520796733,0.9963230676175634,-0.9952172762245988,26.478004455566406,PointLeft,1761074060.0321121
129.84526600348357,0.9809033446735157,0.6977087772030526,0.6852351959874317,0.703303962205243,0.9980117887486155,-0.9970150012435203,28.124427795410156,PointLeft,1761074060.3682213
131.40903953683534,0.9812906472237529,0.7032997625838817,0.6890788047256371,0.6970633086554715,0.9999583235985487,-0.9999469548462437,27.902450561523438,PointLeft,1761074060.7355912
124.06659891234031,0.9911738610830843,0.7243905129710072,0.7164386952322431,0.7098259998040247,0.9875421694595122,-0.9921776186306763,35.006866455078125,PointLeft,1761074061.1357782
117.26477594570174,0.9868772550094483,0.7070125616159237,0.700577555473117,0.6972136856261448,0.9639882438470326,-0.9775641948158615,34.88231658935547,PointLeft,1761074061.5039551
110.74360207150218,0.9903311505894484,0.6881440230425989,0.6786421574423293,0.6827699290733936,0.9117699122678713,-0.9537639962101201,37.160892486572266,PointLeft,1761074061.9058952
109.46565901424,0.9857839759852379,0.6765915660647659,0.6637098246357821,0.6839400541581518,0.8957990610729964,-0.9510491403559282,35.80402374267578,PointLeft,1761074062.240124
114.52025085848784,0.9795204993297281,0.6926895136229406,0.6866603425554741,0.689118020964122,0.9440322271347048,-0.9689686500617964,35.54405212402344,PointLeft,1761074062.7680395
133.41024793586163,0.9883187249816734,0.6677103767077313,0.6646140988208753,0.675482059932396,0.8766689913900205,-0.8200860736279721,34.256324768066406,PointLeft,1761074077.3122492
133.75123859558204,0.9867961687478859,0.6690771079577834,0.6648333205617036,0.6756825177535416,0.8788032777403287,-0.8137800798692545,35.503273010253906,PointLeft,1761074077.6491976
133.00474365376874,0.98778793387678,0.6694171568815842,0.6669707343263939,0.6734911114336173,0.8572361870846144,-0.7983428368760618,33.811798095703125,PointLeft,1761074077.9527178
133.65657896254118,0.988106861835312,0.6734164090310321,0.6678865191004202,0.6748367236342757,0.8547435133730356,-0.8125408319628474,26.4306640625,PointLeft,1761074078.2878761
135.29073795453186,0.9874484938304745,0.6721516505088938,0.6674287522310672,0.6763751157089807,0.8385318519054306,-0.7977340944395512,28.93688201904297,PointLeft,1761074078.6243544
100.94190518707192,0.9807892555460619,0.7330339121083568,0.7013136121730511,0.7313965854080461,0.9985742188963701,-0.9376372356545174,10.187053680419922,PointLeft,1761074081.2327209
100.1767473262221,0.9840265822605337,0.7174068701893165,0.6875635381919549,0.7175271266016119,0.9988826591056776,-0.939022532892332,9.302482604980469,PointLeft,1761074081.5675354
99.53713615631034,0.9834212858554139,0.7186277989106452,0.6928280164789707,0.7203994412476118,0.9995718838841172,-0.9397180320418351,7.449073791503906,PointLeft,1761074081.7919004
164.47241432744647,0.9921296217918161,0.6820405804424293,0.6767960751410693,0.6758682072169336,0.8617965836030159,0.9963943467251324,8.623428344726562,PointRight,1761074090.1612542
166.49491656750692,0.9899571100687165,0.672037104068027,0.6692792354237378,0.6802741491154422,0.8365803228507819,0.9999882171225913,7.297248840332031,PointRight,1761074090.4494796
166.8574859271585,0.9912768343297532,0.6665334270984294,0.6623483947305866,0.6875508701865584,0.8538075910835241,0.9999922433353784,-0.23609161376953125,PointRight,1761074090.785001
162.70685536696888,0.993297086220777,0.6720186775150049,0.6768048389923838,0.7025419383841284,0.8133972714471887,0.9869104513410314,-4.572563171386719,PointRight,1761074091.0882392
161.61312033105276,0.9934094074106735,0.6663350173162589,0.6818674658419304,0.7047742126400411,0.8271818195164462,0.9867106676675551,-10.034065246582031,PointRight,1761074091.3925598
161.45672627489577,0.9934296781239373,0.6671560828288022,0.6828052010497013,0.709822322842352,0.8044069146016312,0.9700409583404743,-14.601631164550781,PointRight,1761074091.727336
164.06097358781017,0.9911050154995517,0.6712932426026489,0.6778871366883482,0.7101177992938119,0.8117722957145744,0.9533169983051065,-20.570945739746094,PointRight,1761074092.0328403
164.4135396463215,0.9911188225983613,0.6705341010014987,0.6756516483741573,0.7070984270684694,0.8113944889496372,0.937069945133032,-27.296371459960938,PointRight,1761074092.3688931
163.0234799097049,0.990813529211732,0.669440820982426,0.682407322314447,0.7172681080144857,0.8455876944473096,0.9457612475407875,-37.53089904785156,PointRight,1761074092.7368283
166.33892056667793,0.9918197353836343,0.6696955999871458,0.6858308914002613,0.7195427677876332,0.8558911546399086,0.9217198493732517,-53.327178955078125,PointRight,1761074093.0564516
168.09316113285865,0.9834445581068222,0.6923299075876023,0.6924231047514101,0.686564347088591,0.8847634499504433,0.8787112407263576,-59.04083251953125,PointRight,1761074094.3691766
159.943222760687,0.9883622938209813,0.6871769217701044,0.6748790477282464,0.688407545806269,0.8661803133505442,0.9812720378962096,22.921009063720703,PointRight,1761074099.3769119
159.40171458802385,0.9871358417065976,0.6871369995388935,0.6751367095451121,0.6828713555973461,0.8730145163744798,0.9675270040055427,15.976600646972656,PointRight,1761074099.7926857
161.24958522241198,0.9861171366269622,0.6882537470557052,0.6780678279201794,0.6823513814870433,0.8784859085967569,0.9586362379385222,8.108329772949219,PointRight,1761074100.0808423
164.50286510621908,0.9860614861484374,0.6856160888918809,0.6725634087318748,0.6937792235120958,0.9129497918527721,0.9657432490000964,1.7392730712890625,PointRight,1761074100.4181943
165.4231824663853,0.9869671000754244,0.6889566002650795,0.6744934149441187,0.6892885598184234,0.8946265713063108,0.9254546668447449,-9.011249542236328,PointRight,1761074100.7847567
166.53599608472493,0.9846591400615611,0.6847629533138265,0.6708577112964967,0.7006706749035455,0.9411106161857876,0.9537373401190378,-15.646858215332031,PointRight,1761074101.154372
167.95325363426505,0.9864725896608189,0.6903866802787012,0.6725927866055669,0.6956118952139292,0.8872740351653245,0.8509680329182712,-22.55779266357422,PointRight,1761074101.488413
166.32017822184542,0.9859854125229415,0.68578399823804,0.6687001856653193,0.7102194273418346,0.9041482348434196,0.8395238220841886,-29.174118041992188,PointRight,1761074101.8243828
166.67337891534245,0.9870054694625501,0.6796559425311374,0.6836833011512796,0.7396919153635446,0.8989953462038436,0.7866683257363222,-36.666622161865234,PointRight,1761074102.1600738
168.36186713129163,0.9867057703694119,0.6695012409101694,0.6994958020921146,0.7477149373150139,0.8857456981407092,0.7290390626367582,-46.696109771728516,PointRight,1761074102.464638
174.31506054142523,0.9861878099271234,0.6661843164803777,0.6991368937357759,0.7470183552783568,0.8843370583203323,0.6886892028898262,-57.563724517822266,PointRight,1761074102.7997918
175.1241163909785,0.9860165222216978,0.6642814087549299,0.7022056779927324,0.7462762602485086,0.8815487465415357,0.6431391874681975,-64.61294174194336,PointRight,1761074103.13639
177.65641310024245,0.9838992961290529,0.6735270097174814,0.7154147020886036,0.7535801604979234,0.8694833655727962,0.6006558441953607,-68.38371276855469,PointRight,1761074103.488736
173.36590332535408,0.9872025587433862,0.6704883263580877,0.6975481703843042,0.7266133156043301,0.8804489024134476,0.6044481096258526,-71.9350814819336,PointRight,1761074104.4965131
151.20187190222018,0.9899381870311489,0.6687970579751242,0.6680148955638149,0.6823808692623653,0.7186673787296911,0.24937894511641215,-99.50393676757812,PointRight,1761074112.0964904
151.7695072737631,0.9925049449195079,0.6687408629612891,0.6684498992842517,0.6829840923625095,0.7190024657438301,0.27637041811559154,-97.37184524536133,PointRight,1761074112.5288024
148.60338078133793,0.9943133427636384,0.6693001370781803,0.6745722039292753,0.6896558001628277,0.688242344988386,0.2956200885363727,-92.43806838989258,PointRight,1761074112.8640425
149.61839810711254,0.9932736694157253,0.6752432929980577,0.6811241250004055,0.700706661787621,0.6812495717768718,0.35885766462051655,-90.28717041015625,PointRight,1761074113.232813
151.6178178643924,0.9927201396491653,0.6771259975634254,0.6818334537061984,0.7019080558722589,0.6948360032891376,0.4151491544354894,-87.99327850341797,PointRight,1761074113.5683558
151.14859470264818,0.9920615752609242,0.677624339434724,0.6834089700241325,0.7106691457457729,0.691978122478158,0.478029427422636,-84.8442268371582,PointRight,1761074113.887966
150.4983945912443,0.9873215613984193,0.6784070603558544,0.6825474690268365,0.7100928315142001,0.6800763526251499,0.5389092887906898,-78.65829467773438,PointRight,1761074114.2242084
148.18365441892348,0.9831202378039557,0.6848672214074608,0.6894736908995266,0.7151486647985451,0.690225448252514,0.6150282160949753,-74.71660614013672,PointRight,1761074114.528412
147.80453854080756,0.9827348445656413,0.6846971957435839,0.6902064870696957,0.7230436317581356,0.7166236865610813,0.7010370342280984,-67.320556640625,PointRight,1761074114.8972104
144.31780856062605,0.9852267274038752,0.686469282240104,0.688755436589036,0.718453123910369,0.734226031059187,0.7586298381230666,-61.101341247558594,PointRight,1761074115.2003925
142.4768411496624,0.9834976009384873,0.686053242583475,0.6919121544347001,0.7248011739911283,0.7515569166073035,0.8047989441580558,-54.53300476074219,PointRight,1761074115.503978
138.8443046647562,0.9815389942296339,0.6845733663852469,0.689521204551172,0.7208624934848764,0.7970633784450104,0.8795617029390794,-47.44647979736328,PointRight,1761074115.8083076
137.20292889157,0.9797589259259993,0.6853058144251961,0.6899776864167153,0.720212695308156,0.808904673645156,0.9071637957211259,-43.696937561035156,PointRight,1761074116.0964687
138.7287674342507,0.9815296762067195,0.688128783506372,0.6920479972893171,0.7246462054254187,0.7870410291065446,0.9240395244276427,-37.68388748168945,PointRight,1761074116.431715
139.0592328676752,0.9810514355134741,0.6904364001209586,0.6955033236789939,0.7304951912347987,0.8047208609013975,0.9625530453157836,-31.85842514038086,PointRight,1761074116.7047803
135.8896186840854,0.984634977009148,0.7008812418016891,0.7037948662923434,0.742580260679218,0.8220502506666035,0.9819112428135209,-27.330970764160156,PointRight,1761074117.7769096
123.3000552318786,0.9785935393837196,0.6932495510500581,0.8186408328573093,0.8268550922266206,0.7787372839669233,0.9347416542960327,34.40544128417969,PointRight,1761074125.3598409
119.25048553407927,0.9789962828819249,0.6822213531640159,0.7616466822549532,0.8014102817708789,0.862466756075786,0.9325723079375721,15.91705322265625,PointRight,1761074125.7922423
114.12810309303939,0.9833567022481118,0.7067140872009361,0.7549370077676872,0.7548801508479009,0.9179912179512877,0.947869159092096,-12.323036193847656,PointRight,1761074126.2402804
106.94137632929284,0.9785001901533574,0.6958321111988663,0.8855190534804951,0.8622422400349551,0.6759708474529276,0.9967933619609534,-3.6397933959960938,PointRight,1761074126.8964956
110.85278368033057,0.9705082970224549,0.6841962874224201,0.8528529216364505,0.6574318927218442,0.6591276432489932,0.9776737213803383,-7.6650238037109375,PointRight,1761074127.296874
113.37904183636795,0.9685543914778533,0.673721215309898,0.6910341282116351,0.630777304871339,0.702127088898337,0.9811409365224005,-9.815444946289062,PointRight,1761074127.6006203
116.05691083171385,0.9690200241202951,0.6731435885285343,0.6729937223387128,0.6276329456733288,0.7137117162260387,0.952104252877726,-19.241256713867188,PointRight,1761074127.905532
117.95798274700105,0.9676558458344475,0.6634416725557784,0.7361148976320798,0.6421612292242288,0.7072537569161412,0.9060829215749345,-30.36285400390625,PointRight,1761074128.2394803
121.19326759124787,0.9664996584208744,0.6764872105082457,0.7025900759828915,0.6566682744506309,0.7179363214175198,0.8172736534233697,-39.16801452636719,PointRight,1761074128.545032
113.59397131094141,0.9626043354314223,0.6776008731852556,0.6811910253022738,0.6713099311770302,0.680238953172495,0.9286354781138021,-20.209808349609375,PointRight,1761074128.8802516
157.3424414405061,0.9880189928971124,0.6995807905290051,0.728891329678231,0.7555267846051937,0.9103035429703881,0.8875803417502847,-24.32882308959961,PointRight,1761074136.6595263
156.76828290600082,0.9854042234848844,0.7041848347263211,0.7317986352732341,0.757435210532476,0.8916556410085361,0.8541926115523696,-28.68927001953125,PointRight,1761074137.0076091
152.59332269442913,0.9863131279501874,0.6934961878548589,0.7146786298140007,0.7532431066850745,0.9123032921110246,0.7921417842485056,-42.0283317565918,PointRight,1761074137.2647173
146.76273155712386,0.9880994508274195,0.6932054189476823,0.7048947886948597,0.737293215336034,0.9210283453430055,0.6990590059695044,-53.772621154785156,PointRight,1761074137.6352859
147.2023309053201,0.9897377818133132,0.7049025477633256,0.7225189296968691,0.752795532672371,0.8963282943152144,0.5828120661648062,-61.00433349609375,PointRight,1761074137.8721988
145.37384673985989,0.9900595766855999,0.7045557439485514,0.722462258212122,0.7534986070971282,0.8797381301703656,0.5063213158790466,-64.36445236206055,PointRight,1761074138.0972247
142.66540115800584,0.9892619712709761,0.7023845384180415,0.7210925371889833,0.7532800114589318,0.8650226269349577,0.4205447919178717,-67.04658508300781,PointRight,1761074138.3683627
140.21794004305428,0.9905445450081954,0.7050544873182306,0.7197458761482771,0.7493679834330261,0.8625586469855993,0.3832477117826851,-69.52850341796875,PointRight,1761074138.6719203
143.4769704189769,0.9888402368916279,0.7044331944263597,0.7171934030791612,0.739870726406683,0.9183883599317859,0.6254171615200819,-62.31983184814453,PointRight,1761074138.8803945
145.19997028733468,0.9865351688517614,0.7012780759929439,0.712780077769276,0.7359250443998766,0.9150796844838708,0.7032660550099602,-49.925193786621094,PointRight,1761074139.0401225
150.35838032527772,0.9855039324932511,0.7030379340796621,0.7143307277434322,0.740223377555365,0.9134662816585637,0.8534338697670514,-28.777389526367188,PointRight,1761074139.345902
149.0434597992584,0.9872701164254903,0.7042601961466861,0.7161423255416146,0.7390832292324726,0.9107977987148759,0.8759783232705554,-24.505691528320312,PointRight,1761074139.56865
150.11466789132749,0.9874552066519579,0.7117404649034696,0.7206972156243997,0.7414692793002159,0.881979197349639,0.9156405666990672,-4.309520721435547,PointRight,1761074139.8398716
151.7248921842143,0.9893222925051285,0.7166250893069789,0.7231478670941351,0.7426998951243103,0.8824586936569119,0.96000922424495,7.9392242431640625,PointRight,1761074140.1764586
153.37451569495596,0.9876238478270017,0.7150592240875769,0.7249135402197194,0.7451064760036251,0.8854528929820122,0.9782817093864575,15.206108093261719,PointRight,1761074140.4181538
152.1220007701178,0.9869292297595041,0.7105675726828506,0.7226613352420657,0.7431874685583623,0.8869964392728977,0.9826650147261078,18.704280853271484,PointRight,1761074140.7037723
144.49117347582444,0.9877573486799575,0.7064996799181408,0.7175276847402214,0.746130136728424,0.9135764707949741,0.8862220786131593,-19.032516479492188,PointRight,1761074141.2482207
148.94257061887927,0.9875674174463599,0.7036399021363011,0.7162629082363251,0.7419054623539556,0.9257081918128007,0.8418701682156228,-31.854000091552734,PointRight,1761074141.4879391
143.53653401346605,0.9882708231605996,0.7003968538716769,0.7123154449191595,0.7390065671469565,0.9231985331331872,0.7865970420175795,-37.767677307128906,PointRight,1761074141.7128625
140.5166778739242,0.9879866127949052,0.705662138939748,0.7190418513968382,0.7432537920749823,0.9142215853944583,0.6939498771786774,-47.970027923583984,PointRight,1761074141.9848375
129.41107280217386,0.973313931417172,0.7106036081092065,0.7007335193426169,0.7016941035623305,0.9944217289240469,0.9995451704468173,-48.179588317871094,PointRight,1761074169.5997496
132.17597623095705,0.9678854505942706,0.7084267731988924,0.6994159177457838,0.7003418780239209,0.9935276016452022,0.998032536569383,-48.36091995239258,PointRight,1761074169.968079
131.95995653541854,0.9609119321066849,0.6995007183188031,0.6895431205678838,0.6902792949896992,0.9969031105305892,0.9648763171640562,-51.555137634277344,PointRight,1761074170.3038487
132.44254849525643,0.9734999763942374,0.713523439774057,0.7030423766179723,0.7039114051011873,0.9976542794197577,0.8465270874635616,-53.42521667480469,PointRight,1761074170.7043538
133.93637764680875,0.9781210565333097,0.7142642057630217,0.7038781796784352,0.703680403596476,0.9999993497478856,0.918536199368213,-54.36759948730469,PointRight,1761074171.0084634
135.5043964946333,0.9604825423398067,0.7097059592131577,0.6947942738017043,0.6966526788804689,0.9961458356514541,0.9815116205657975,-48.2701301574707,PointRight,1761074171.3757591
140.41053676734754,0.9558020484361887,0.7211770506703451,0.6960004608038127,0.6934009842317005,0.9947113236266865,0.9942166906920072,-47.146453857421875,PointRight,1761074171.6803458
139.37034774810223,0.9749012818706905,0.7107648141807362,0.688801648368551,0.693150465103801,0.9945258213434276,0.9999933438123456,-46.7523193359375,PointRight,1761074172.0183983
144.5087873098844,0.9697042359098692,0.7144136112600669,0.6904659616707743,0.6965623299434206,0.9912713342206283,0.9873831190214056,-39.06932830810547,PointRight,1761074172.3841136
146.37060055694081,0.9635999704726531,0.7094653943107446,0.6887257573700606,0.6990360755840364,0.9927790563720491,0.9641173645419715,-39.057350158691406,PointRight,1761074172.7522633
148.06199544835818,0.967815450460355,0.716185144754169,0.69313992136328,0.7024220800216985,0.9927813992793786,0.9429786833190649,-42.3126220703125,PointRight,1761074173.5203905
140.3619491391892,0.9714655852338548,0.7039979722720746,0.6826281561626423,0.6913290352981756,0.9942860523362699,0.9474129229683289,-50.177001953125,PointRight,1761074174.3524327
137.013820651348,0.9716984959785728,0.7079679488543403,0.6888473107400932,0.6931138018529213,0.9868044802503162,0.8292493215340814,-50.062618255615234,PointRight,1761074174.6555812
140.933598769621,0.9760972628918444,0.7126880706237012,0.694564054144197,0.6978054838390646,0.9842049334290847,0.7466290593518679,-52.78472900390625,PointRight,1761074174.9926238
144.20433116283283,0.9714141619503787,0.7074561270867292,0.6884428896587568,0.6927426476157924,0.9963652985812473,0.8106464762807609,-53.97245407104492,PointRight,1761074175.313206
138.32505599381608,0.9742653478074418,0.7135483082915782,0.6936773609796861,0.6947721044876102,0.9813855767472832,0.7628922691444003,-55.494651794433594,PointRight,1761074175.7297797
138.3780394232565,0.9745570828220749,0.712368053986317,0.6934088443135491,0.6911437752426814,0.9906641801393219,0.8559544855555237,-55.68246841430664,PointRight,1761074175.9845464
137.5656157904609,0.9691117581301546,0.7098099901462188,0.6875724044344679,0.6924028580312777,0.985901142273854,0.9101598411583371,-51.91062927246094,PointRight,1761074176.320137
136.91746199886896,0.9715814776495392,0.7099578175189093,0.6863156147743288,0.6888313306229724,0.9780552484951697,0.9212106782512519,-54.228248596191406,PointRight,1761074176.8642418
201.02653941023365,0.6862499295367276,0.6889149841966415,0.6673236380580337,0.6797775716872557,0.9989987179705802,-0.5698285825795418,-2.33612060546875,ThumbUp,1761074192.4321725
198.90610982097877,0.6928172399391719,0.6894050504792671,0.6664369956645212,0.6807727564346432,0.9994359187144641,-0.5790048651636437,-4.8009490966796875,ThumbUp,1761074192.768519
197.97071470053345,0.689730588371721,0.6885735565207636,0.6651605869903783,0.6775579645512607,0.9994271268758838,-0.5963514507564202,-1.347503662109375,ThumbUp,1761074193.0399241
193.438226477431,0.6913875533231063,0.6924773576250612,0.6702855230266999,0.662216755511476,0.9995170741569781,-0.6117692063944495,1.812286376953125,ThumbUp,1761074193.2831554
189.67011756683252,0.6912628264015029,0.6916756830821941,0.666403710183527,0.6653710847586823,0.998576655540573,-0.6048684101538255,4.426612854003906,ThumbUp,1761074193.58433
178.51250252645283,0.6860457308601827,0.6906705727328077,0.6668858976040148,0.660795626041757,0.9982910017476426,-0.6079515583189726,2.7532958984375,ThumbUp,1761074193.8405132
170.0855131981474,0.6867253355033581,0.6900576189960036,0.6688197427983296,0.6579479970526939,0.9978350765254153,-0.6161931961422884,7.529029846191406,ThumbUp,1761074194.1458254
164.21114594356732,0.6904715430829492,0.6929181169471151,0.6737148050880212,0.6589714600651282,0.9977741370480628,-0.6088028320404607,6.743659973144531,ThumbUp,1761074194.480876
156.99283238049046,0.6850603966963634,0.6912179600614086,0.6722658847252502,0.657668398676159,0.9992618178867619,-0.624376274913166,4.775962829589844,ThumbUp,1761074194.7552924
151.09877422460553,0.6929541011706184,0.6974911426846747,0.6805970897106883,0.6646500990192062,0.9999615736609505,-0.6537969272187395,4.864006042480469,ThumbUp,1761074195.010328
140.04870943807654,0.6912226169699499,0.6987072543559062,0.681684547626932,0.6654261463487845,0.9999964731837947,-0.6619796871222158,4.8683929443359375,ThumbUp,1761074195.281893
135.57154171881095,0.688884011602175,0.6942454079992874,0.6757403217633352,0.6607515859469789,0.9999997613786251,-0.6548932868151894,3.0821990966796875,ThumbUp,1761074195.5851064
130.60030423162996,0.6864669773297843,0.6936205292128289,0.6775011566558335,0.6642402775214834,0.9999990394998697,-0.6546115783028978,2.9745864868164062,ThumbUp,1761074195.8240528
129.1671225023628,0.6991083555741718,0.7008214838284919,0.6807308780324092,0.6626195972568949,0.9994628474950062,-0.6204694454330981,3.1401824951171875,ThumbUp,1761074196.1440089
124.02470066244399,0.7006943589150166,0.6972590999994847,0.6767320815984516,0.6616666777949707,0.998351634356519,-0.5897973291979174,2.9825973510742188,ThumbUp,1761074196.448009
120.12018703827536,0.7022460655142654,0.7026195012590332,0.6805141236381672,0.6601868008331487,0.9981729771612227,-0.5761954705579391,0.8495330810546875,ThumbUp,1761074196.8224185
117.73956941321063,0.7120993629412137,0.7152898350569247,0.6948329994247185,0.6724824601516076,0.9999530858274781,-0.6172692923042234,0.41103363037109375,ThumbUp,1761074197.0244474
113.41937553639373,0.7133461900084607,0.7146188105005665,0.6920663335623128,0.6691137223619356,0.9995613220294293,-0.6202223552639123,-1.05926513671875,ThumbUp,1761074197.3284862
108.34844177314142,0.7187948869935364,0.7177983241530379,0.696394563986932,0.6733168275920777,0.9999646154168125,-0.6236023392676194,-0.026092529296875,ThumbUp,1761074197.583946
107.79116877470351,0.7150505107327683,0.7133932938547375,0.6900989308519186,0.6619992702080467,0.9983301817874982,-0.5905406453781535,-0.591278076171875,ThumbUp,1761074198.0641422
214.50006899624154,0.7097258444007012,0.6928857912026215,0.6653057222535478,0.6786379508575483,0.9982073838673851,-0.00035236929109734274,-131.40892028808594,ThumbUp,1761074200.9279332
205.88993930010477,0.7094524584054754,0.6909344371305742,0.665271753920455,0.6825844515361785,0.9989910606649857,-0.04123462230648026,-122.0576286315918,ThumbUp,1761074201.1999664
194.31291410103998,0.7080821099184518,0.6947153870675805,0.6701022562371229,0.6720719680537727,0.9991158717966664,-0.03117693153852271,-114.17724609375,ThumbUp,1761074201.4719868
182.8758147713234,0.6958970791278388,0.6875437495321807,0.6627047658727556,0.6831238409587855,0.9997564684812039,-0.0773119518009111,-102.26573944091797,ThumbUp,1761074201.7762609
176.87299970394437,0.7002142001523582,0.6838046755629543,0.6586332160962814,0.6884249377345157,0.998619145213048,-0.092106100196169,-87.13558197021484,ThumbUp,1761074202.06368
164.61715931438206,0.6878893038195649,0.6763963567684544,0.6532237575267387,0.6912455930106002,0.9995158745254104,-0.1431328312944722,-82.94803619384766,ThumbUp,1761074202.3684826
160.15476274209695,0.6883561894118929,0.6767277151485985,0.652704467829564,0.6908509900045544,0.9994825927632451,-0.17236404312051065,-76.79859161376953,ThumbUp,1761074202.6407194
154.75111536588474,0.6881265059088899,0.6721058419155373,0.6555159046154636,0.6979138931619006,0.9998018248045536,-0.22163302377678165,-68.0825424194336,ThumbUp,1761074202.94402
147.60952578225607,0.6839995813676559,0.6688838712095745,0.6859610572431155,0.6951115327018761,0.9995537940078958,-0.27567199309320156,-56.21112823486328,ThumbUp,1761074203.2320187
142.06640776139545,0.6808170467639357,0.6691038223960795,0.6838676807988224,0.6922160426351388,0.9995245305684983,-0.33885020784102005,-47.52519607543945,ThumbUp,1761074203.5040784
132.1245361859398,0.6844174191793112,0.6725445290217177,0.6721078036168951,0.6903091655935981,0.9999522139772798,-0.4283288779306607,-34.586029052734375,ThumbUp,1761074204.0480723
128.79042508939537,0.6803751892517912,0.6716209314917356,0.6773848860497083,0.691796006993271,0.9999647088233778,-0.4710435159223183,-31.258544921875,ThumbUp,1761074204.337683
124.78191004118202,0.6809705104303716,0.6736805548132309,0.6727050709806175,0.6902470031048759,0.9999467976043914,-0.5313576525832,-19.737682342529297,ThumbUp,1761074204.6085258
123.64705368728222,0.6867570157747611,0.6779152231150075,0.6734455535986802,0.6879640803916668,0.9999464707660307,-0.6448589025446598,-3.704071044921875,ThumbUp,1761074204.9120367
121.09786861348984,0.6927295375857995,0.681975093806536,0.6675470665140874,0.6886943192392989,0.9999807128642733,-0.6820301418301041,5.617828369140625,ThumbUp,1761074205.1839378
118.40165427960429,0.6938468151675914,0.6826765340383819,0.6581487751376903,0.6873644224633878,0.9989389187720473,-0.7677041086141864,12.328567504882812,ThumbUp,1761074205.4730322
118.16365180789195,0.6972033144992555,0.688816705334297,0.6612016343466124,0.6813767854820151,0.9997814919045205,-0.7623005387158729,17.478370666503906,ThumbUp,1761074205.7765253
112.82345452888816,0.7002987893319906,0.6914072668795622,0.6627853303649709,0.6766957250305575,0.9999996942145053,-0.7959374144366184,22.648239135742188,ThumbUp,1761074206.1117942
113.09888407262943,0.7011756516389754,0.6915517564309862,0.6622066565296326,0.6789248196190286,0.999997774516769,-0.8174270306497889,25.965518951416016,ThumbUp,1761074206.4476223
112.8419775123947,0.6997155044494697,0.6864475394530264,0.6567321587224445,0.6902932514654752,0.9996837513186397,-0.8334391421758144,31.03231430053711,ThumbUp,1761074206.688583
212.56123752900098,0.6988968835652143,0.6924896722607082,0.6689935107353997,0.6768158760274826,0.9975331763090377,0.5459373922596839,9.827995300292969,ThumbUp,1761074211.0240579
210.56988377439342,0.7015259063424001,0.6903098454768393,0.6714561610394805,0.6381053450476596,0.997623291032573,0.52647500177611,17.120094299316406,ThumbUp,1761074211.3284898
203.71635212221963,0.70938309313552,0.6920571459980476,0.6719511829168021,0.6343174517160992,0.9981480290479656,0.4799853909368572,34.565773010253906,ThumbUp,1761074211.6749861
193.03643160200147,0.6944196554881926,0.6805510393094317,0.6593309644044236,0.657663246351864,0.9980185449772512,0.4744779553221502,27.27153778076172,ThumbUp,1761074211.9690497
183.1446853038919,0.6899510475536843,0.6811823939065819,0.6566253174776574,0.6968498811273719,0.9985283773525284,0.47164229983695566,27.74433135986328,ThumbUp,1761074212.2400732
173.9865134835551,0.7021121035878114,0.6969080217714348,0.6772697311936255,0.6657840691422288,0.9983307537395572,0.4648916028412841,23.236846923828125,ThumbUp,1761074212.608437
166.34144268321242,0.6975292390648566,0.6921655613185512,0.6792413310800054,0.6611987933439157,0.99775785906143,0.45985690350200914,21.364879608154297,ThumbUp,1761074212.8644822
161.38249502891878,0.6946344769591062,0.6907451130309855,0.6751414542447609,0.6672519691416557,0.9991658615154783,0.4703302349516702,21.050357818603516,ThumbUp,1761074213.1371994
156.41809807940965,0.7010518292786788,0.6991756313866114,0.6832437490147054,0.6684933676147254,0.9985263496895163,0.4151486202782057,27.766189575195312,ThumbUp,1761074213.471746
145.52026256765143,0.692866167942746,0.6921328714019855,0.6737606095461085,0.6798735050443666,0.9962736263394835,0.2986186018317103,38.11717987060547,ThumbUp,1761074213.808379
140.5771714255689,0.6821534973371701,0.6788295262067452,0.6643796378695379,0.6870709863990992,0.9981990198917418,0.278052741675644,39.54936981201172,ThumbUp,1761074214.080142
136.30633200847424,0.6837420059776567,0.6776395733936004,0.6648264749509062,0.6866342547276786,0.9980272516410471,0.24198207864987967,41.72080993652344,ThumbUp,1761074214.335943
133.06515527265424,0.685617133902277,0.6778902074233019,0.6656991391459154,0.6847999653905834,0.9973596153740278,0.20775511095685553,44.35932159423828,ThumbUp,1761074214.6082132
127.90135076584521,0.6830795079417434,0.6732393164156446,0.6609397425690331,0.6879834442243745,0.9977808312599697,0.1575311097821475,47.286338806152344,ThumbUp,1761074214.9441214
125.18797336762294,0.6823233016191527,0.6715740856447505,0.6623748216815287,0.6883989095031392,0.9981754250819086,0.13036778791575415,48.568477630615234,ThumbUp,1761074215.2155797
120.49401219758802,0.6830454097537912,0.6733916071684004,0.6613586412228353,0.6870099496749171,0.9977784452565059,0.08106592939028627,49.42169189453125,ThumbUp,1761074215.55199
118.29018460474369,0.6844477373889308,0.6738278388284105,0.6607380056491161,0.6889268807888206,0.9978975051407002,0.048389609128532074,53.49649429321289,ThumbUp,1761074215.8079586
117.94900014901013,0.69130381539532,0.6784753638922058,0.6621417024762533,0.6903500497732766,0.9981313485980965,0.02379789417748142,56.74959182739258,ThumbUp,1761074216.0807598
114.27738944279974,0.6962538790325938,0.6820903705027351,0.6653930680563015,0.6887900815007842,0.9991556657531518,0.020687698939600617,57.341461181640625,ThumbUp,1761074216.3519561
112.07943021450549,0.6989819252245111,0.6856275917997198,0.6679982120197625,0.6864575235086413,0.9995986181880996,0.006358491055884008,57.56620407104492,ThumbUp,1761074216.6082053
110.68601021185594,0.6973052324306958,0.6836035870879185,0.6667014835972256,0.6855260306323148,0.9994111917658834,-0.014563694099246,58.60282897949219,ThumbUp,1761074217.0081089
183.90827963379013,0.6838873284385514,0.6729470377898689,0.672133908647984,0.68427025162545,0.9940541014820101,0.9558539666498385,-109.34789657592773,ThumbUp,1761074220.4000752
179.73504049258642,0.6836539854868122,0.6741254899709942,0.6703191308954799,0.6825093178705602,0.9941805240112188,0.9545377810670477,-105.51895141601562,ThumbUp,1761074220.6560128
174.9258731101356,0.6885156252213965,0.6764140280101508,0.6635341041296335,0.6889857986021214,0.9970847502339739,0.957030693683752,-92.52281188964844,ThumbUp,1761074220.993552
169.1548911668799,0.6915221317204819,0.679088592675321,0.6654371748427228,0.6858770161462157,0.9977562645532949,0.9485980996716845,-83.58442306518555,ThumbUp,1761074221.2964666
160.13172886902836,0.690632225919042,0.6784520484045947,0.6652153293740707,0.6883579632262661,0.9983342470858733,0.9277785735607416,-67.47295379638672,ThumbUp,1761074221.6006775
155.95547052258263,0.6917467147195485,0.6772018713074072,0.6634558793082714,0.6925044881246883,0.9977949051495317,0.9153839294891102,-61.5980339050293,ThumbUp,1761074221.8720865
147.36452243261144,0.6975606833238378,0.6797877013288159,0.6638235475109141,0.688432400701492,0.9983547488291695,0.8662593217854407,-43.45502853393555,ThumbUp,1761074222.1924
139.45394272363254,0.693415946698511,0.6780553724205679,0.6626050031827152,0.6920590903582938,0.9988714927381908,0.8461952065926489,-38.2421875,ThumbUp,1761074222.4650302
133.53123497230783,0.7010043539233942,0.6865673291834327,0.6691622488888437,0.6760892997200844,0.9997011700094124,0.829937407978432,-31.882591247558594,ThumbUp,1761074222.7048924
128.24015283769572,0.7024343110456049,0.6890529871123472,0.6715618003159832,0.6702381253773718,0.9990709718363837,0.7862240354977812,-24.091873168945312,ThumbUp,1761074223.0406253
122.53874033414986,0.6906782969059816,0.6781203312195112,0.6622188829760024,0.6913602655240626,0.9989465619697032,0.7368919035909701,-15.164566040039062,ThumbUp,1761074223.328241
119.48367004865288,0.6875781248977201,0.6768689723367785,0.660781092592558,0.6913365446965019,0.9984599301880845,0.7025628250153136,-10.891380310058594,ThumbUp,1761074223.5996206
115.27604705125893,0.6837595975997829,0.6736583301607185,0.6581925094377331,0.6935394084211035,0.99843934990543,0.6463556175103556,-3.27728271484375,ThumbUp,1761074223.872098
109.28705658005937,0.6787697308753513,0.6672200984009723,0.6804955184068615,0.6989254955446923,0.9983398769034442,0.5842981157090429,0.11608123779296875,ThumbUp,1761074224.17597
104.99644252669377,0.6715907516134457,0.6733570397530447,0.6866844457807094,0.6974851913701191,0.9994913340416138,0.5547967484849042,4.634208679199219,ThumbUp,1761074224.480355
102.5582650315178,0.6685521562309541,0.6780331925734923,0.6913876651149774,0.7008142602228952,0.999606864741578,0.5090660200310468,8.351593017578125,ThumbUp,1761074224.7687154
99.03835994510104,0.6653567886179521,0.6797899210822393,0.6944016243001422,0.7005545276046546,0.9992583184982624,0.47261843631415984,11.908988952636719,ThumbUp,1761074225.039509
96.93133738570039,0.6664174706718765,0.6788978889924816,0.6914404458447866,0.6963152192800198,0.999390010895626,0.4568549285363568,13.719367980957031,ThumbUp,1761074225.3451362
99.68360075793993,0.6701157318232324,0.6829443827186932,0.6997635136036416,0.7077306328960802,0.9986311803453959,0.4247190377064934,17.36827850341797,ThumbUp,1761074225.6798875
162.97317902103535,0.6824209475153394,0.651659383497992,0.6481078540767456,0.6485694445242798,0.9998152795579005,-0.42108784541436234,-41.79483413696289,ThumbUp,1761074233.0402322
162.5834943647596,0.6835803677541449,0.648237302276176,0.6482150618149461,0.6496605956833292,0.9996302946054075,-0.4321218330886665,-39.83346939086914,ThumbUp,1761074233.3596501
149.33594083181103,0.6838585283644524,0.6474659957919314,0.6456654600690244,0.6467018824327077,0.9992473481205266,-0.43782040266837835,-39.03120040893555,ThumbUp,1761074234.0645928
146.61991873689448,0.6839189372744497,0.6471788935535567,0.6458480336415467,0.6473823573909153,0.9995403565997072,-0.43040052978778803,-37.61125564575195,ThumbUp,1761074234.304824
141.97283987582088,0.6829819623736467,0.6437771809172003,0.643234560706131,0.6497169218959958,0.9998308368496874,-0.3806630531509104,-37.275238037109375,ThumbUp,1761074234.5761948
137.10553227206248,0.6781332978074666,0.6384245576544396,0.6408239352067019,0.6439182386119439,0.9983411316236638,-0.2943427474862546,-36.60564422607422,ThumbUp,1761074234.9122396
130.5009696273554,0.6792567167005337,0.6375939031549671,0.6371923081002137,0.6544206229063964,0.9959693167258651,-0.2518852093200474,-36.4154052734375,ThumbUp,1761074235.200115
124.70786443839006,0.6803893133270869,0.6390079966422096,0.6384025860373707,0.6578940392177065,0.9955982771799764,-0.2449625603660249,-34.798641204833984,ThumbUp,1761074235.4721265
121.52683795120812,0.6815018781019123,0.6436448296223903,0.6441110609762793,0.6718590197222746,0.9942309134494642,-0.2346131222392412,-34.50813293457031,ThumbUp,1761074235.7126927
116.94875267143311,0.6796985510818844,0.6487242645094096,0.6460814759838582,0.6733051852306442,0.9940547588251002,-0.23644497112383328,-33.397560119628906,ThumbUp,1761074236.0160768
112.53061715185127,0.6812885402121823,0.6506523578541947,0.6522161086551235,0.6816942595392971,0.9957159228281462,-0.24809099153489453,-31.58712387084961,ThumbUp,1761074236.2722232
110.56592784889915,0.6808688480364125,0.6534514246136663,0.661633267249794,0.6941771450651409,0.9950600249632846,-0.25335627432926267,-31.355018615722656,ThumbUp,1761074236.575995
109.57166844017088,0.6795791023136196,0.6495957897104767,0.6543918975422979,0.6842994771881563,0.9919703282322856,-0.1489448855134416,-35.50432205200195,ThumbUp,1761074236.848016
107.41406442447267,0.6795470607453543,0.6496548963026033,0.6522029290890178,0.6776246917096792,0.9920485766991944,-0.07961409242157257,-40.1042366027832,ThumbUp,1761074237.1036694
106.11058532123744,0.6800838609324256,0.6508268563572877,0.653932428105947,0.68274340141093,0.9919371240292076,-0.03824695081814283,-43.30717086791992,ThumbUp,1761074237.376021
105.33883116763526,0.6799753746478557,0.6427439101320057,0.6397613404095864,0.6559640398363878,0.9924890355713948,-6.203486937045541e-05,-46.311988830566406,ThumbUp,1761074237.6160798
105.85888911534894,0.6812852994213433,0.645267439690833,0.6440511341914884,0.6519211769509042,0.9928728081530858,-0.025390941949109184,-44.77987289428711,ThumbUp,1761074237.9833667
111.68037364346524,0.6811142925704253,0.6479135888062989,0.6462933658527906,0.6631709051469988,0.9951283376948102,-0.1735388324985803,-36.41401290893555,ThumbUp,1761074238.2556086
110.22540084201152,0.6838129752503938,0.646577905757526,0.647591194337221,0.6484234529911223,0.9976107579749441,-0.3060355375731283,-27.557659149169922,ThumbUp,1761074238.5113685
113.7870296635122,0.683652673421472,0.6488198525682615,0.6465327608645924,0.6428810454875795,0.9974656625914106,-0.45064935394645794,-18.085594177246094,ThumbUp,1761074238.784477
99.86634855020118,0.6777021882281843,0.6457955314130971,0.6390839078438235,0.6407146104902015,0.9997863929791526,-0.5595996223578835,-8.485450744628906,ThumbUp,1761074239.1202846
106.05381230753297,0.676577423784868,0.6580007263854745,0.6640872443954092,0.6880759394596128,0.999990687215031,-0.6377728613172202,-3.4107208251953125,ThumbUp,1761074240.128166
108.1859464318288,0.6774894658550362,0.6544727323747573,0.6594187361056024,0.6812940509879523,0.9999831837189713,-0.635857191837016,-4.266834259033203,ThumbUp,1761074240.4154875
120.60402030293521,0.6822337307813696,0.44209667734627506,0.5327430478991925,0.6442685080412567,0.9995822907628593,0.14089888230746891,48.09051513671875,ThumbUp,1761074248.8482988
118.65976661570255,0.6787714938615466,0.5130625591252417,0.5513032041185163,0.6214811947208233,0.9997189470715502,0.17913532747702912,47.009735107421875,ThumbUp,1761074249.0558126
119.04386418224817,0.6788878132263926,0.5592336438017691,0.5792837552802793,0.6326380979469288,0.9998293886270668,0.283373020671357,37.66387939453125,ThumbUp,1761074249.3440855
123.81669672416307,0.67537058335799,0.5002306896691783,0.5598404436481151,0.6290088849940726,0.9999950757501888,0.3926442316484672,27.86224365234375,ThumbUp,1761074249.6162143
121.25924520189396,0.6869438210528184,0.5555636172866385,0.5683803850778236,0.6254275445083977,0.9998550950257804,0.503129555328862,21.63227081298828,ThumbUp,1761074249.8880048
124.2396509211873,0.6792372469584412,0.5770388454929697,0.5906887626997509,0.6321697177410487,0.9994223794126069,0.5895034584466853,12.018165588378906,ThumbUp,1761074250.1628
128.3158772990552,0.6702467601022546,0.5458147743956029,0.5837035390292646,0.6346388909754254,0.9986672122084697,0.6904694630653272,-1.6219711303710938,ThumbUp,1761074250.5285358
128.30673293346462,0.6745719914683596,0.5750438019666045,0.5929800590853777,0.63325374535183,0.9979187461486884,0.7616969891321677,-9.701004028320312,ThumbUp,1761074250.7543035
131.72602656068244,0.6700711861356957,0.5490787300289242,0.5875545280961829,0.6318978589054137,0.9967403009611111,0.816374695852177,-15.366058349609375,ThumbUp,1761074251.024283
131.50262609891087,0.6703739808494502,0.6311987648808924,0.6255859646360072,0.6468199549710891,0.9965247670043096,0.8680707769412644,-25.33252716064453,ThumbUp,1761074251.2958465
130.391946945417,0.6634212273927287,0.6671653277520875,0.6554736797014754,0.6629892841124574,0.9979859002853309,0.9223281580595962,-39.84729766845703,ThumbUp,1761074251.6962423
121.04760270852942,0.6353704410254685,0.37570445302897176,0.4935090632218196,0.6444496970284109,0.993970887459884,0.6151495363151999,-11.274185180664062,ThumbUp,1761074252.1922307
116.61151882422374,0.62878539216759,0.5646581846339447,0.37627697167425733,0.6744820271970604,0.9898747509688688,0.5332867047604432,-7.1282958984375,ThumbUp,1761074252.4647925
133.16218760359823,0.6855880682931383,0.6149459398659817,0.5834111318692049,0.7945320107219632,0.9821782742821942,0.42128942417273557,-1.1722183227539062,ThumbUp,1761074252.7203445
140.79961191056643,0.7844807846471364,0.7387773516959438,0.6882145917014437,0.6593356826299257,0.9839051087764137,0.3721727886246499,-0.2117156982421875,ThumbUp,1761074252.9609368
140.9353060416794,0.797433865157709,0.7484071368042846,0.6727435542008747,0.6793240143739703,0.9921793118944945,0.3683121716454953,10.752754211425781,ThumbUp,1761074253.2647116
132.08477125412693,0.7272202125214715,0.6884273648603116,0.6202599621289324,0.6850246964529089,0.9920474259484958,0.4665362798974941,-1.1277008056640625,ThumbUp,1761074253.856228
213.2962047585793,0.9891435644127835,0.9995396250068901,0.9908029698164733,0.9858457033136833,0.9998540520742274,0.8008880829228944,-136.82415008544922,OpenPalm,1761074267.6482399
208.2691696464993,0.9867268702931363,0.9950618329607331,0.9945986908151708,0.9920267874558265,0.9999151717568374,0.7916306045109742,-124.36405181884766,OpenPalm,1761074267.9684515
194.00077038025788,0.9864073384592714,0.9946563685142094,0.9932296491938754,0.9907855143248915,0.9997045669459618,0.796388356859875,-115.08590698242188,OpenPalm,1761074268.2720015
176.0388328266827,0.9887896087181343,0.9938567633424977,0.9909332131695718,0.9871234372411394,0.9999523640357637,0.7690970794273814,-104.10802841186523,OpenPalm,1761074268.5119498
159.72424023829691,0.989445031809766,0.9946714429523901,0.991883712755581,0.9871221299020863,0.9998294404482932,0.7500997875884117,-96.01696014404297,OpenPalm,1761074268.783961
149.15341379748727,0.9888595600008667,0.9935056230439612,0.9891707307025293,0.9863395344823144,0.9999060363349902,0.7566205354248028,-87.94900894165039,OpenPalm,1761074269.0405583
140.46883052840718,0.9875815018857104,0.9936942767283599,0.9913828972149338,0.9851407258406426,0.9994419628973816,0.7455382161268361,-84.00489807128906,OpenPalm,1761074269.3127248
132.81258148939642,0.9879359922801223,0.9933260400929019,0.9917694643113748,0.9863473160019035,0.9999015300934909,0.7580611975787022,-79.50563430786133,OpenPalm,1761074269.586452
125.93851511386237,0.9897104367710295,0.9927121272289701,0.9917053318683361,0.9868127201209637,0.9990164480786903,0.7501153203538254,-75.6291389465332,OpenPalm,1761074269.91986
120.53187535256811,0.9905060499102306,0.9927661723222311,0.9912053879114943,0.9872422893080635,0.9996930733025389,0.7683243178795747,-72.7978515625,OpenPalm,1761074270.2084026
209.25594088066103,0.9811516155337675,0.9983888096836565,0.994475682712528,0.9909406521989824,0.8848402142381573,0.008923738061268978,-123.83190155029297,OpenPalm,1761074272.8163433
204.75044661828989,0.9804085899995081,0.9968565433003413,0.9952524148363914,0.9938393579208823,0.8657860266102024,-0.042375828243735945,-119.7408676147461,OpenPalm,1761074273.0882335
193.89709065207958,0.9798244589284453,0.9955951454029283,0.996075391195315,0.9907858234714985,0.8633085650487345,-0.036964435545968434,-116.05230331420898,OpenPalm,1761074273.3946767
180.90653275481318,0.9793936071855273,0.996587151401124,0.9953522047317035,0.9887178433442511,0.8531459619719008,-0.06462506925886753,-109.98001098632812,OpenPalm,1761074273.6961718
171.68065451227739,0.9772553214274308,0.9965843962670428,0.9950864749380536,0.9880625208497218,0.8541902824200485,-0.07833757165936873,-103.57215881347656,OpenPalm,1761074274.000683
162.95329983242286,0.9784432037734776,0.9972292040696115,0.9938201936513206,0.9875925726738802,0.844591859885117,-0.1020275984343106,-97.74524688720703,OpenPalm,1761074274.2878394
158.63403058669311,0.9793010768666611,0.9965663097670395,0.9954171675334766,0.9897265419160289,0.8456644756862639,-0.10048023118080414,-95.7821273803711,OpenPalm,1761074274.528042
151.02762158834847,0.9765368215778656,0.9951895111189638,0.9964516278867408,0.9901865700574716,0.844127713511659,-0.10395901133745396,-91.0873031616211,OpenPalm,1761074274.8322828
143.36525426339315,0.9773991111125309,0.9944149826417817,0.9959741313705766,0.9898479867372335,0.8526739363595843,-0.07587420988478927,-86.32169723510742,OpenPalm,1761074275.1040738
137.68144968785953,0.9783796435581893,0.993491006156885,0.9954499302552154,0.9906109048151267,0.8466819692765808,-0.09400110638129648,-82.37640380859375,OpenPalm,1761074275.3604631
132.75934776699927,0.9813683903415602,0.9959780367887,0.9938188865150712,0.990651591117622,0.850689568590502,-0.0954138216129713,-78.20480346679688,OpenPalm,1761074275.664177
126.5434892451004,0.9807734086198489,0.9940964245133802,0.9932091569995549,0.9899108668668161,0.8460537683518174,-0.08379699619686395,-75.10326385498047,OpenPalm,1761074276.0003817
120.85948913926975,0.9823103160128556,0.9945941144079334,0.9940403562334406,0.9879967501430476,0.8589579708177002,-0.06442218183139867,-71.66656494140625,OpenPalm,1761074276.2722049
114.95518341770095,0.9828600789324989,0.996407679998711,0.9941741851797762,0.987340316373496,0.8897983200410078,0.04466539773027561,-69.00217056274414,OpenPalm,1761074276.5600302
113.06178986068127,0.9814821792638342,0.9964527814141136,0.9956226089676847,0.9875710404800343,0.8970023767582241,0.06856534606660658,-68.39912414550781,OpenPalm,1761074276.86512
110.14885617319042,0.9800630529131716,0.9958986128093574,0.9948403777392074,0.9866321211133185,0.9049125512089482,0.07125401931315037,-66.52523040771484,OpenPalm,1761074277.1998446
173.27366716368783,0.9850301791643163,0.9973899565609736,0.9963255770465977,0.9946978028831316,0.9967973580580392,-0.3617676779987466,136.5581512451172,OpenPalm,1761074281.0563989
164.40901823472768,0.9888265688041317,0.9983641147083286,0.9950050834077503,0.9939107116124718,0.9951642300883949,-0.33880912908728256,132.27731704711914,OpenPalm,1761074281.3126552
151.81964406309717,0.9861462972404419,0.9959903036236826,0.9953190984068575,0.9932581683410765,0.9960074997764402,-0.3540440214333257,120.20179748535156,OpenPalm,1761074281.6155558
143.73748932953293,0.9868589901337493,0.9941837500747669,0.9909781638185077,0.9905440748259071,0.9947195768259156,-0.35338848278435675,110.4023551940918,OpenPalm,1761074281.856767
133.61227187590032,0.9837286571624841,0.9913383010050992,0.9903942987351698,0.9896796990691833,0.9923852735193726,-0.34973684963860885,102.55270004272461,OpenPalm,1761074282.1135757
130.82067480725038,0.9829662595077157,0.9918953226528163,0.9892798697186956,0.9913238300696122,0.992577863634404,-0.36137963645899773,96.27786636352539,OpenPalm,1761074282.3843646
121.72052008551097,0.9815648539344934,0.9881564090495331,0.9876029459187553,0.9901008663464904,0.9909723164391187,-0.3650275235143609,90.3123664855957,OpenPalm,1761074282.6561942
116.58205900931698,0.9838677264976345,0.9916173547492791,0.9920956613721473,0.9936415240161615,0.9889481243077767,-0.3436146867490445,86.68706893920898,OpenPalm,1761074282.9279828
111.59524038979406,0.9876458829054534,0.9925224586392942,0.9922420835307929,0.9915519263363448,0.9909927527618299,-0.3519141271679169,81.94852828979492,OpenPalm,1761074283.1845777
109.8837391804092,0.9836363697762387,0.9921768409912796,0.9922303267981162,0.991845028255918,0.9928190124325278,-0.3579667474421176,79.98908996582031,OpenPalm,1761074283.4569356
107.33392219695,0.9867162775053223,0.9939844322224687,0.9937414987502367,0.9921930096918435,0.9909603629154058,-0.34962100987964045,77.68341064453125,OpenPalm,1761074283.6962028
102.11248630462812,0.9832858434891686,0.989145952117411,0.9920442570333939,0.9917405716963573,0.9906488537528718,-0.34214724232697086,75.2328109741211,OpenPalm,1761074283.983622
100.56489342934196,0.9855101441949129,0.9930209610914215,0.9949875221289228,0.9954614631806676,0.9911373297319191,-0.34654756951680005,72.31733322143555,OpenPalm,1761074284.2591848
95.41884577417625,0.9848044596349368,0.994719085999229,0.994213468164744,0.9895104310885889,0.9884468034695189,-0.33068127815923054,68.94779205322266,OpenPalm,1761074284.5282514
170.36935651110653,0.9859243364805964,0.9974676380889775,0.9925689660941077,0.9907720235280421,0.8840260839116469,0.3384165629665888,139.71832275390625,OpenPalm,1761074291.8561714
164.51915033503872,0.9901335115306037,0.9974350170121964,0.989147837443368,0.9914892280866177,0.8702078052810106,0.35751491373552613,133.03030014038086,OpenPalm,1761074292.082726
150.2454129547724,0.9906186335348058,0.9976394001540774,0.9905796112272722,0.9923821250698769,0.8675735682932164,0.3211938307097133,119.11968231201172,OpenPalm,1761074292.3517578
142.71852273213062,0.9930287917144721,0.9983043922585194,0.9873620501865092,0.9911123173968687,0.8674435292902836,0.335018353824491,113.71728897094727,OpenPalm,1761074292.5924277
139.35011774228784,0.9903375917294005,0.9969172212939302,0.9895221948271798,0.9928271449244696,0.8738986115347274,0.3042794945830062,107.0033073425293,OpenPalm,1761074292.7835298
129.65309121358726,0.9918466326726493,0.9981898722424422,0.989604393082289,0.9929253687069535,0.8719172235764059,0.3009489047059342,103.32027435302734,OpenPalm,1761074293.0237155
125.43748779648993,0.99202462441068,0.9977834151880028,0.9876572176303954,0.9917306204464458,0.8838126864102034,0.2688326061239808,100.836181640625,OpenPalm,1761074293.2477562
117.96977686322849,0.9887054946162938,0.9981728966067457,0.9887571926928107,0.9932027145788087,0.8765450563773325,0.27903666308307257,95.68513870239258,OpenPalm,1761074293.4554036
113.62712891382087,0.9891314933995998,0.998794228104617,0.9895047824413877,0.9950052279612742,0.8632541611928954,0.2929773693807063,90.76576232910156,OpenPalm,1761074293.6168156
108.19953062520996,0.9881174368436434,0.9973248413355439,0.989454067240103,0.9934504439592485,0.8521298084518225,0.324058160709717,86.85625076293945,OpenPalm,1761074293.824178
104.67351865123474,0.9881785585369988,0.9965184006678981,0.9901672070812667,0.9945899560220193,0.8525007976981761,0.31774497102908694,82.8148078918457,OpenPalm,1761074293.9840543
101.35953785671404,0.991028105915612,0.9987705003761406,0.991486008056046,0.9943442509896122,0.8531991090997639,0.32629436414900226,79.41158294677734,OpenPalm,1761074294.1918774
99.13568123931778,0.989986884970332,0.9981428027397422,0.9910298450837866,0.9945192674528766,0.8564565869976334,0.3147182249473616,76.75802230834961,OpenPalm,1761074294.3517156
191.52075085191535,0.9749316585125992,0.9895048815802913,0.9983088790657799,0.9921980395126527,0.9108341337571157,0.7508651502886633,-85.07505416870117,OpenPalm,1761074297.4406855
180.35911846283085,0.9790014754354486,0.9916554990658013,0.997159473543655,0.9888353187061613,0.9091401546900568,0.6635580905226897,-89.14093017578125,OpenPalm,1761074297.761045
171.80555337992234,0.9827176069410912,0.9919089706194887,0.9973445046013226,0.989647433454409,0.8865856523774371,0.5014372352162962,-94.6926498413086,OpenPalm,1761074298.0638714
173.43069362343473,0.9814320882441313,0.9963698872404686,0.9956427850381467,0.9915256028475902,0.8936802090160005,0.35645861151938635,-99.46235656738281,OpenPalm,1761074298.3071754
177.4000550774553,0.9787295505452068,0.995908357747569,0.9946645895193468,0.9911762547915787,0.9050511103255454,0.142644531084108,-102.33194351196289,OpenPalm,1761074298.6082351
177.1803585184209,0.9778872909239308,0.9953402689719546,0.9949676838929123,0.9895183746198984,0.9244031603214488,-0.014313597562812896,-99.7005844116211,OpenPalm,1761074298.911779
180.1936617811902,0.9789010572889492,0.9942519360464286,0.9933842378578284,0.9884214751417719,0.9332838673420698,-0.13299050158557088,-93.74706268310547,OpenPalm,1761074299.1681373
175.86425100335376,0.9768751822323387,0.9935698412388566,0.9914578218535993,0.9852501439076127,0.934848395429106,-0.3104834176961142,-86.47499084472656,OpenPalm,1761074299.5048997
171.05841722384923,0.9814728799507324,0.996713426750178,0.9911099762226203,0.9813659092592157,0.9247139083347126,-0.4851430437479867,-77.38000869750977,OpenPalm,1761074299.776036
245.56071895187404,0.9788097152743239,0.9945711575884683,0.9948266816938837,0.9862592747202873,0.9968561504897488,0.9983926003067624,-122.57984161376953,OpenPalm,1761074301.6804485
238.25742524899135,0.9840766440802561,0.9956195347293307,0.9925648080881414,0.9877480552185401,0.9997355774364811,0.9781768668116047,-126.54178619384766,OpenPalm,1761074301.9849796
221.29182525777938,0.9776354906468162,0.9951625924883843,0.992068778078716,0.9880840433681147,0.9990101305918584,0.9255392752266155,-126.47764205932617,OpenPalm,1761074302.241746
211.00376545083955,0.9789941738976397,0.9948043964766301,0.9906378837889062,0.9918496582874904,0.9998718976942997,0.8017482880352903,-116.74877166748047,OpenPalm,1761074302.5450866
201.71855251148895,0.9792502497444097,0.9944175521925841,0.9908026933569034,0.9882038549278683,0.9999999131593014,0.6860817445279692,-110.65572738647461,OpenPalm,1761074302.816034
189.91134510188968,0.97974326040104,0.9945837755661037,0.9902244163140436,0.9872051136322755,0.9999795473576756,0.5894358751640684,-102.69281387329102,OpenPalm,1761074303.058938
183.13153977031342,0.9772721037297628,0.9947790882031528,0.9918059304290826,0.987376370197896,0.9998037482825395,0.4774634890869865,-95.49087524414062,OpenPalm,1761074303.3119562
175.8624867528107,0.976360916824861,0.9949549165850287,0.991929544329746,0.9833740281013278,0.9989195866560393,0.3226881192437734,-87.96573638916016,OpenPalm,1761074303.6480334
169.8521843342992,0.9769475948798729,0.9938918096643686,0.9900036331135963,0.9798918608798096,0.9976744229766541,0.1685321125120846,-79.32159423828125,OpenPalm,1761074303.9523602
159.339610394903,0.9777511197679732,0.9943677494155226,0.9886013481536001,0.9804695082366516,0.9978468280641508,0.07414448272565077,-71.36068344116211,OpenPalm,1761074304.2564104
154.23510053608507,0.9796215792862083,0.9957944473595632,0.9882695221295904,0.9801258368454221,0.9943555182085263,-0.011862254348672843,-66.50035858154297,OpenPalm,1761074304.4960353
148.65192808776922,0.9787781139551196,0.9949645438613312,0.9868692737346138,0.9771529580881942,0.994110567427303,-0.0585474038861033,-62.48321533203125,OpenPalm,1761074304.7846236
143.70053136004617,0.9760471269144596,0.9966556891747348,0.9885645226891197,0.9822832327773646,0.993690361442795,-0.11224625337653414,-58.51360321044922,OpenPalm,1761074305.0560842
203.4112566544182,0.9912596159122066,0.9962499790802092,0.9881796919556513,0.9855513858289578,0.9562092348824309,-0.14001855032923619,110.79044342041016,OpenPalm,1761074311.2819467
201.38482477163018,0.9922260106680642,0.9963063197125219,0.9901556721902957,0.9859278843717997,0.9547755907687634,-0.14856104296274097,107.7750015258789,OpenPalm,1761074311.585284
194.41061786977798,0.9915528937941356,0.9961258289417224,0.9887625311187437,0.9850676042588572,0.9547021083389845,-0.15277089917307235,103.75732421875,OpenPalm,1761074311.8428552
187.9128232357664,0.9896824736668521,0.9972892166035933,0.9906101469633866,0.9859395885491115,0.9512231329422459,-0.13366902733046462,101.56486511230469,OpenPalm,1761074312.1120133
180.90294087374843,0.9887153036830485,0.9961367676606369,0.9889403111432088,0.983086994616199,0.9529184043141083,-0.13843425344325727,98.46080780029297,OpenPalm,1761074312.3846009
170.1584532497463,0.9913800228635057,0.9949822779446418,0.9868058092743971,0.9802227682874448,0.9476131660483403,-0.12398520956791201,93.7969970703125,OpenPalm,1761074312.6873367
162.75777869701685,0.9947041985993462,0.9935820160068468,0.9862309720966556,0.9792697392375328,0.947560494268818,-0.12459273685298258,90.07286071777344,OpenPalm,1761074312.9445019
154.8589235479769,0.9943760126299258,0.9948702711638964,0.9855115554142246,0.9809635296916822,0.9422310092580617,-0.10320191226532069,86.61808013916016,OpenPalm,1761074313.2161667
147.93100270967867,0.9928918583978968,0.9952428810861965,0.9867167530831488,0.9813014776663396,0.94209331059282,-0.10666628008285976,83.135986328125,OpenPalm,1761074313.4557047
139.8459204095538,0.9925225764127509,0.9944957368339908,0.9846036767635225,0.9806129458531231,0.9423025617913443,-0.09824065319218123,79.11163330078125,OpenPalm,1761074313.7129054
133.99251155721018,0.9913134746464648,0.9935037487141297,0.9849748744659504,0.9805659167423798,0.9460218145305617,-0.09754273600302465,75.39344787597656,OpenPalm,1761074313.983724
129.5503180722291,0.9931308162947222,0.9940370536592713,0.9849397576804968,0.9787913251587703,0.9442210296607372,-0.09805827614558253,73.24249267578125,OpenPalm,1761074314.2590568
124.31913058726576,0.9913464148115608,0.9951461669555738,0.986857302965169,0.9795637508948586,0.93380542992811,-0.05816206477048242,70.85678100585938,OpenPalm,1761074314.5150192
117.429946612838,0.993605220735717,0.9942000820904555,0.9862241405124467,0.9815719491863145,0.92603618975636,-0.032407471027796654,67.56416320800781,OpenPalm,1761074315.0556612
160.52974657062066,0.9942415612145022,0.9935893027261549,0.9911563124338674,0.9899364820774509,0.999332222951689,-0.9797653426840769,74.80224609375,OpenPalm,1761074316.7724147
158.74407089521017,0.9864053031365237,0.997407224761706,0.9945217720002475,0.9889089206894126,0.9985246953979732,-0.9474528492134277,82.47505187988281,OpenPalm,1761074317.1220155
155.6340366781227,0.9883145681740441,0.9989248773283439,0.9950341100922616,0.9869676180478196,0.9964362514483021,-0.9164020558615048,84.4369888305664,OpenPalm,1761074317.3607068
154.8662515024381,0.9820223263228199,0.9956136887145415,0.994066749389559,0.9841596555435491,0.999775333237343,-0.8950892242259483,87.94967651367188,OpenPalm,1761074317.6962667
154.4122185206752,0.9865611414725652,0.9970590222292036,0.9909521507476557,0.9827991602227444,0.9993418488114881,-0.8182919175755506,89.44698333740234,OpenPalm,1761074317.9690652
154.68480425610326,0.9917307737218125,0.9970827881159469,0.9873656093577932,0.9809626402106821,0.9999664606322761,-0.7870759749364535,90.52719116210938,OpenPalm,1761074318.2712762
156.43772448442007,0.9893539865204928,0.9982236619328703,0.9906787816272479,0.9835261393980271,0.999988953005974,-0.6836422782268848,91.31206512451172,OpenPalm,1761074318.5596602
158.86644412322974,0.9935055233249276,0.9968693475623499,0.9917558865460462,0.9862024532164534,0.99967976298174,-0.6348183106785663,89.90581512451172,OpenPalm,1761074318.8320448
159.2379809009314,0.9893220742878684,0.9992236523608304,0.9911171886837606,0.9842048005427341,0.9997953974468226,-0.5337901982159409,85.71453094482422,OpenPalm,1761074319.1355689
156.9242665960773,0.9885321315475345,0.9980632826488165,0.9936063200729288,0.9834216392776035,0.9980471906535882,-0.30285881733947306,84.36962127685547,OpenPalm,1761074319.5043123
156.8998967680524,0.9868704929044642,0.9976406440061739,0.994214638621604,0.9864357777398136,0.9984758299548153,-0.24408736289811145,83.02238464355469,OpenPalm,1761074319.7288897
155.3694190185611,0.9854540805956074,0.9952272966924048,0.9961516189543714,0.9874010415360447,0.9968335378953959,-0.13702488618846134,78.43387603759766,OpenPalm,1761074319.9395158
156.21392655121318,0.9870820892074396,0.9976332888848402,0.9942469211900148,0.9876940373941734,0.9973162425744908,-0.04954825467631992,73.5909652709961,OpenPalm,1761074320.240056
156.06795750533126,0.9847051839251293,0.9959354746034359,0.9952574918724441,0.9900705182844621,0.9977628123328525,0.06621118809997814,67.6931381225586,OpenPalm,1761074320.5447373
155.45789333782463,0.9847485049045023,0.9964753015228524,0.9950013717634576,0.9894136475016789,0.9975428127076846,0.09460039700132333,64.78973388671875,OpenPalm,1761074320.8820019
177.39255692558982,0.9813499280675769,0.9957900742011149,0.9977290698987704,0.9908983622454745,0.998470900700142,-0.3450739670580007,-76.7803955078125,OpenPalm,1761074324.9924107
171.90082385280738,0.9824389507061637,0.9954822716547643,0.9994060412719111,0.9918213302813185,0.998630902877135,-0.3244218805987612,-74.35331344604492,OpenPalm,1761074325.2164016
160.16740704630513,0.981731947206265,0.9969685942686107,0.9925361438941919,0.9895448206659291,0.991530955307339,-0.29393944519147003,-82.55226135253906,OpenPalm,1761074325.5199482
154.01444965007295,0.9818781369004852,0.9957630227178029,0.9939925857102397,0.9886076439819537,0.9904459961938195,-0.23195279467004806,-88.98435592651367,OpenPalm,1761074325.7289572
147.37520124144427,0.9815902649319616,0.9973664595086883,0.9988799472801354,0.9927451820589054,0.9885291037672024,-0.15146733697042164,-87.97903060913086,OpenPalm,1761074325.9843004
138.7198827823181,0.9863231371510417,0.9899052224397038,0.9961955682038851,0.9910859937876602,0.9840867715590572,-0.0018419231949000055,-94.92759704589844,OpenPalm,1761074326.3205116
121.90368440615755,0.9804912109459671,0.9921967788848858,0.9902148033066968,0.982132339582928,0.9769657600938082,0.17852852525666543,-96.09764099121094,OpenPalm,1761074327.3924758
116.33731476425562,0.9823636986884173,0.990612990177187,0.9957189034963697,0.9895059712932485,0.971252460547003,0.21688872182327115,-92.10311889648438,OpenPalm,1761074327.7925832
108.77124855371665,0.9799244046186072,0.9940508271302088,0.9973742849626013,0.9900360823688911,0.9563148434899451,0.22641712900913635,-88.94371032714844,OpenPalm,1761074328.224946
105.46480595427802,0.9782352277741948,0.992966941570247,0.9974382683937447,0.9897931129529912,0.9481691189689692,0.24623331297702952,-87.21660614013672,OpenPalm,1761074328.5605762
103.95786860973628,0.979494849958625,0.9908883921061876,0.9964979179885297,0.9903136669987518,0.9506624026445003,0.35979582312341846,-84.3948745727539,OpenPalm,1761074328.9285035
128.04773021847052,0.9871902071395203,0.7122242026428252,0.6969474342301956,0.6962126066332522,0.9846928140438157,-0.8763364706568403,16.15966796875,PointLeft,1761074345.6479144
125.87909880085463,0.9847766997971554,0.7189338616958877,0.7022236087540925,0.6980125780504768,0.9849235826921953,-0.9001880204266054,16.827659606933594,PointLeft,1761074345.9203198
126.97743540280203,0.9871924904596129,0.7169575144114608,0.7027428594050135,0.7006062832559738,0.9804188201752617,-0.9343813983600753,17.176513671875,PointLeft,1761074346.191921
123.93360927540803,0.9870577799608803,0.7122617050493668,0.6995884687505319,0.6989249926308793,0.9810818970635676,-0.9700365413568648,20.32623291015625,PointLeft,1761074346.4485078
126.88851785565761,0.9769389177707702,0.7069580783307156,0.6963807384725799,0.6981032360584966,0.996126075134248,-0.9455467289101233,25.16010284423828,PointLeft,1761074346.6885579
129.07007623659194,0.9828470872072085,0.7036269830034941,0.6961120127606866,0.7021776390595665,0.9950420962027269,-0.965417518352157,22.163238525390625,PointLeft,1761074346.885605
122.51323151697586,0.9831878048389658,0.6852123219239599,0.6769447237432642,0.6918297965636516,0.9897084234599185,-0.9989820420472835,22.740020751953125,PointLeft,1761074347.1526973
119.80840704328759,0.9808590491315172,0.7053578726297435,0.6858383194415746,0.6944125745082858,0.9987903532754225,-0.9847353434017472,23.63292694091797,PointLeft,1761074348.5282054
119.9593770760664,0.9805301072994731,0.7037381099188819,0.6874204436836026,0.6965763414300749,0.9992343085389974,-0.9839886320923156,24.1546630859375,PointLeft,1761074348.7532365
123.83727276767365,0.9834617861347397,0.6999592842972383,0.6856161685690433,0.6942336701540182,0.9988219417180775,-0.9937446958324093,27.2650146484375,PointLeft,1761074349.0883958
119.97230803128515,0.9786744717526404,0.6985376979691287,0.6854198170116718,0.6907360378416868,0.9984563160461245,-0.9996414311289333,25.2862548828125,PointLeft,1761074349.3596637
124.98948357847904,0.985677328707955,0.6946286420560135,0.6831056048735359,0.6895474381548109,0.9988283838286893,-0.996113974606311,28.88774871826172,PointLeft,1761074349.6329565
123.28170704050672,0.9881331794223454,0.7164589046225004,0.7053947179416471,0.7058356262621635,0.998946637124389,-0.9661704316108396,27.7099609375,PointLeft,1761074349.904238
123.08771611501167,0.9878456066001827,0.7080120110776909,0.6950121186836364,0.6969553002583763,0.9873839173442913,-0.9270438425332145,29.583091735839844,PointLeft,1761074350.0963666
124.02605612963681,0.9872496769357043,0.7074989332455667,0.6948350138400666,0.6955017908955644,0.9942251542229524,-0.9382127248507688,29.660911560058594,PointLeft,1761074350.1593716
124.88440303125881,0.9932819660003706,0.7134736275366637,0.6968376813630411,0.6987591890318211,0.9972597590558243,-0.949796869443861,23.90289306640625,PointLeft,1761074350.895986
123.49071616490227,0.9875525900035843,0.7106018527902501,0.6912606098338445,0.6968733607624616,0.9998025638067396,-0.9608116503919536,25.148086547851562,PointLeft,1761074351.1999907
124.18955289949209,0.9830835509961414,0.7159157400436298,0.7037763955938837,0.7074112853162632,0.9992659203471097,-0.9845050666521526,22.518043518066406,PointLeft,1761074351.5044043
118.91632229417853,0.977478782769709,0.7054389233466036,0.6900380132999834,0.697208188490047,0.999250355241051,-0.996533926154413,25.49724578857422,PointLeft,1761074351.7284672
122.9612140570927,0.9797997369146326,0.699940471531533,0.6861324319710417,0.6960197499161955,0.9989506235297372,-0.9966011258965349,27.125091552734375,PointLeft,1761074352.0011942
122.85814045402793,0.9761960447644474,0.7035813429625034,0.6848180972724736,0.6966254673106868,0.9985908419917584,-0.9807887833333042,28.446083068847656,PointLeft,1761074352.2718654
122.41256799022369,0.9699890420506451,0.6991391750575237,0.6788627302910353,0.695641501154021,0.9988863010274525,-0.9582192051283268,26.571693420410156,PointLeft,1761074352.577785
124.36873725910809,0.9713501660018439,0.7013266744438371,0.6848724123415083,0.6991051635405207,0.998668530694605,-0.9336034060280676,29.266128540039062,PointLeft,1761074352.976164
122.78020483929609,0.9733389773898922,0.6980579878529953,0.6803236793717726,0.6941939573512119,0.9992608044536644,-0.925049384696393,30.274696350097656,PointLeft,1761074353.2823286
123.72844037283001,0.9742884982400551,0.6988813621802326,0.6782786042971721,0.6942905699221739,0.9989032775919942,-0.9093684859947865,30.31421661376953,PointLeft,1761074354.0162566
103.44865532165966,0.9861157002464654,0.6965288514019298,0.6620665491572738,0.707343559836655,0.9994751515803647,-0.9785850698645274,-7.8015899658203125,PointLeft,1761074359.1202555
103.50474866325703,0.9848889272943772,0.6967411123958648,0.6569035393352586,0.7042989594685528,0.9985027041192458,-0.9935723870565559,-6.285495758056641,PointLeft,1761074359.3914459
102.90153491766004,0.9828172201933807,0.6998898671382999,0.6605249155017315,0.708606825700063,0.9991651426042282,-0.999826429102507,-4.447269439697266,PointLeft,1761074359.6647196
103.4979000215072,0.9820658666205061,0.6988497284059916,0.6578884378319652,0.7044222382586732,0.9997749395297366,-0.995935994981602,0.6857872009277344,PointLeft,1761074359.9200943
104.13976396961874,0.9804820961162122,0.7027344590292598,0.6649411419425221,0.7074829687935184,0.9998848349028323,-0.9873200170787968,5.462245941162109,PointLeft,1761074360.1600163
104.86519157254023,0.9772233540971528,0.7071112858573221,0.6733832486359539,0.7184193241254023,0.9987532392892426,-0.9833322575607003,10.876331329345703,PointLeft,1761074360.4001248
104.90223395887665,0.9797267259775998,0.6998640322601614,0.6652854563911786,0.7119351834837344,0.9959481666541181,-0.9779576128226755,9.020805358886719,PointLeft,1761074360.6560779
103.74272578332913,0.9810086905570614,0.703912281924233,0.6819907563404058,0.7230483410725203,0.9950722286332604,-0.9601371823597293,8.578758239746094,PointLeft,1761074360.9272685
101.32628074487575,0.9700952013660311,0.6967756472600394,0.6638410217359682,0.7096469732884071,0.9914212318098863,-0.9457983483695086,8.587265014648438,PointLeft,1761074361.1676457
99.26297760162011,0.9759720287362071,0.6958893816903404,0.6700817431788142,0.7198230091572717,0.9864266293369781,-0.9455378415243723,7.7962493896484375,PointLeft,1761074361.4432063
102.69029070626301,0.9756689896727874,0.6986547099030006,0.6713285255099537,0.7156414285291418,0.995841595030557,-0.9686951850759362,13.68783950805664,PointLeft,1761074361.7309806
105.81167746250419,0.975331601609588,0.692015744874944,0.6543958390938073,0.7048769534224236,0.9999895966533028,-0.9869707904999477,6.943149566650391,PointLeft,1761074361.9999819
103.09661327263039,0.9769634938176969,0.6940225348335249,0.6527192553208283,0.7064000360453097,0.9993417060659378,-0.9960400200655628,0.2579498291015625,PointLeft,1761074362.2723255
103.3717292868547,0.9790924166426033,0.7008062374981288,0.6579465445467668,0.7130757255614393,0.9979709409689799,-0.9913959968341628,0.9269142150878906,PointLeft,1761074362.7045977
101.09598390554882,0.977113736806459,0.6989628838237522,0.6486860462931983,0.7093559365863674,0.9990587526780423,-0.9915489831371185,2.795276641845703,PointLeft,1761074363.0398006
143.76943490707404,0.9659903617558502,0.7071042603102736,0.6954453399975803,0.7027447739855347,0.9982561336812772,0.9769508996149485,-19.961776733398438,PointRight,1761074370.0665357
144.41887794896303,0.961755262768014,0.7037395187682888,0.6933846253887993,0.7016961019370443,0.9962454799057646,0.9975354262421702,-20.394973754882812,PointRight,1761074370.3680167
145.29544824545917,0.9673287342269327,0.7027113390571772,0.6878583215785147,0.6964372376910836,0.9912001332880073,0.9966088216189917,-23.89202117919922,PointRight,1761074370.594005
145.72560175673576,0.9708580785414073,0.6966462213054817,0.6824939943489913,0.693858479237267,0.9888622751580687,0.981216098980006,-27.236099243164062,PointRight,1761074370.8324137
153.0507175916605,0.9699236146593405,0.6977065215521749,0.6845172743055429,0.6931013237111721,0.9914541835850557,0.9697312505487634,-30.683822631835938,PointRight,1761074371.05607
151.90123985624138,0.9680559547814455,0.6984091963199118,0.6816634967135365,0.6911853385271275,0.96883894106722,0.862721440881969,-38.17985534667969,PointRight,1761074371.2659523
151.73981432229098,0.9725033032876252,0.6940248997553732,0.6802233333254769,0.6910859785145211,0.9546387104457129,0.7810584339198569,-37.06085205078125,PointRight,1761074371.506515
147.40328767994993,0.9699022337040679,0.6914306253008169,0.6819618245209759,0.6963956776319061,0.9189181145536612,0.6349109399726373,-41.24382019042969,PointRight,1761074371.7284787
148.3009145536518,0.9731223070864394,0.6937213937263906,0.6829081319717694,0.6914236462285747,0.965595168235649,0.7934836804918985,-44.25148010253906,PointRight,1761074372.3035605
147.58714727075974,0.9714114595196287,0.6931473245922154,0.6804525793883537,0.6915241714331328,0.9731192723371775,0.857513104527109,-40.12256622314453,PointRight,1761074372.4966319
148.1311073797351,0.9695819388892987,0.6956270821835354,0.6831978655720062,0.6907464404450178,0.9883370846973,0.9386643620095608,-39.029388427734375,PointRight,1761074372.7041757
150.76716204576016,0.9649190263069519,0.6966083116564681,0.6860074376528341,0.6960441666577699,0.9982143613220302,0.9933442043537806,-35.620880126953125,PointRight,1761074372.895551
148.65280043654974,0.9671002221501771,0.7119981922952512,0.6998301821931495,0.7043002017635862,0.997260638070412,0.99989755553781,-34.463157653808594,PointRight,1761074373.103489
143.2802264282792,0.9686617042208977,0.7034655906078348,0.6933175431584307,0.6984309377019077,0.9999331691150453,0.972034148135191,-31.53583526611328,PointRight,1761074373.2966833
146.36946416854116,0.9687809256208695,0.7077927242319862,0.6943863847390933,0.6955368063563587,0.9999975508966965,0.9259113179925869,-31.845932006835938,PointRight,1761074373.535699
149.4978954639588,0.9734158755499088,0.7098541608827067,0.6900625221419974,0.6889793860810114,0.9998432235862924,0.8763038332813851,-29.1497802734375,PointRight,1761074373.7445831
151.8675869277306,0.9694215997577622,0.7098623547240116,0.7005781291321816,0.7044126972565197,0.9998761407667974,0.9758957078987728,-33.032989501953125,PointRight,1761074382.799619
151.0787299707317,0.9693624148960865,0.7026090501445993,0.6897699108185562,0.6982212678554575,0.9999606907275111,0.9737968993207587,-36.300392150878906,PointRight,1761074383.0410984
155.70853967033315,0.9662764762005605,0.7055349891972503,0.6920325956843788,0.6971355768759526,0.9980794049888819,0.9980683194460878,-39.040679931640625,PointRight,1761074383.3278863
155.32097640535713,0.9652773625045742,0.7065924525564871,0.6920063059649978,0.6988352618775814,0.9933192042050965,0.9961725360527567,-38.83598327636719,PointRight,1761074383.6007245
159.06835540974598,0.9646295172984803,0.7009405921388375,0.6861900651967398,0.6972467705796687,0.9652219352304444,0.9393783020210396,-40.16376495361328,PointRight,1761074383.8087611
155.29313999504072,0.9665660691551174,0.6992722704990925,0.6826243877019881,0.6943762102475489,0.951065811615004,0.8791958617020476,-41.11259460449219,PointRight,1761074384.1446319
157.87532482640458,0.9656783297946318,0.7041774913602717,0.6913729005829486,0.7016428615065015,0.9855324496139759,0.975868674598812,-40.406761169433594,PointRight,1761074384.4001782
155.64834913334178,0.9689294442994777,0.7013796889572795,0.6889427681964567,0.6996439058501812,0.9918356639956574,0.9943995440020705,-40.06660461425781,PointRight,1761074384.6401968
153.22710092461634,0.972419177714633,0.705297054149795,0.6929115666795657,0.6978258843099138,0.9985844745261057,0.9952541279806904,-41.14585876464844,PointRight,1761074384.911541
149.5380770946157,0.9662266615542262,0.7037087418716248,0.6939596900767295,0.6969752725646648,0.9953103014227385,0.9083814364332523,-40.72410583496094,PointRight,1761074385.1363776
145.28910609933567,0.9688480380379906,0.7115584386384448,0.7014360350140514,0.7025482899862263,0.9740631534213963,0.743329463418268,-44.687442779541016,PointRight,1761074385.3757238
147.47641787401585,0.9685909241022497,0.7169313866525197,0.7066918365071695,0.7075437597506241,0.9921937195983253,0.857962694981042,-41.88488006591797,PointRight,1761074385.6010165
148.1744118713209,0.9724265084179707,0.7308037367745562,0.7129314557575924,0.7085145329379952,0.9981837967940952,0.8842036437678363,-42.85665512084961,PointRight,1761074385.905864
154.08480134605915,0.9669669363684968,0.7276796429402488,0.7065277913778593,0.6992373667075488,0.9951204998186174,0.8101657861253889,-42.367286682128906,PointRight,1761074386.608479
153.38994790768731,0.9665320418198903,0.731153272615515,0.7063827051297956,0.6989263880800265,0.9954583148515401,0.8139926737124104,-43.73970031738281,PointRight,1761074386.8479054
108.66558837080207,0.9816822085679231,0.7485511040852538,0.7216274211906409,0.745107813925606,0.9761469680645473,0.8946409280297221,-0.43643951416015625,PointRight,1761074391.8243454
113.5102488577653,0.9741177033529359,0.738342095745768,0.7178724600884708,0.7355343964003914,0.9643296156006907,0.8310740888250363,-6.176261901855469,PointRight,1761074392.1621006
113.29389777011008,0.969115140489036,0.7287785612995318,0.7127418056481444,0.7302388412721076,0.9620831326627086,0.7611582717706811,-8.536720275878906,PointRight,1761074392.4641948
107.96432622315027,0.9728129997923117,0.7844315906203332,0.7428283569714456,0.7562260611612581,0.9723435102965688,0.6800504409555319,-2.9645919799804688,PointRight,1761074392.8003607
110.75736721628866,0.9728841601152429,0.7930759555264832,0.7495557503297889,0.7618296694827325,0.9695005596898106,0.7093992514935284,-8.047599792480469,PointRight,1761074393.0725
111.15967507977604,0.9677669009204886,0.7317921405916342,0.7142595707131251,0.7361081831843103,0.9733813505972972,0.7768928059307203,-2.9982376098632812,PointRight,1761074393.3600671
112.68889853085496,0.9703145105848785,0.7599693686915142,0.7496582123921237,0.7646912050736526,0.9659493116326083,0.8616419012308867,5.033683776855469,PointRight,1761074393.5998383
111.37424334037532,0.9708996084900806,0.754041304881906,0.7402698067838595,0.7623999127109427,0.9629314232791584,0.9136049168346949,10.954666137695312,PointRight,1761074393.903706
112.82531016302543,0.9742790300055441,0.7604799464563553,0.7408121491348156,0.7557735691040328,0.9571185886684876,0.9514971086896327,15.824394226074219,PointRight,1761074394.2397604
140.33823510774715,0.9905519464290554,0.9878938312115686,0.6641917056421974,0.6815413128830302,0.5793504784350129,0.8491033818930545,87.06985473632812,TwoFingers,1761074407.808801
139.0134786664267,0.9906514187314949,0.9911323829906696,0.6648759584528521,0.6812835940314231,0.5819590208660583,0.8488716961575983,87.29484558105469,TwoFingers,1761074408.0485055
142.11111067743587,0.9913679469266956,0.9894088906178816,0.6646616325566964,0.6789736785604671,0.6188691867057083,0.8114780746028645,85.78216552734375,TwoFingers,1761074408.3067129
142.1445770744316,0.9916433050809403,0.9915344719664727,0.664259160127326,0.6793473569912395,0.6398872792824141,0.7845014942462742,85.4241943359375,TwoFingers,1761074408.544532
141.5230274344415,0.992416475456715,0.9910190717290218,0.6659752811069977,0.6837283795580801,0.6795615772745072,0.7389718239423405,84.97722625732422,TwoFingers,1761074408.784829
141.18933974327018,0.9931019805663034,0.9920621486065718,0.6630929960184108,0.6845323763866276,0.7152457003279553,0.6915613318386832,81.86656951904297,TwoFingers,1761074409.047551
139.27847143123498,0.9892760624066906,0.991033001871871,0.6641782419566927,0.6849887458097069,0.7062202255864028,0.6975448978695765,82.36831665039062,TwoFingers,1761074409.2815542
133.4402821196975,0.9881735846794699,0.9857326798067616,0.6631458722561502,0.6853530075217301,0.733454497595744,0.6809988289986459,80.26397705078125,TwoFingers,1761074409.5201633
125.51407288653698,0.9842176794578625,0.9782331881917868,0.6635773843665382,0.6893315663637289,0.7503692181314544,0.6730739964968347,77.46631622314453,TwoFingers,1761074409.7442658
125.9851074799715,0.9905396356944226,0.985111734354254,0.6626630782382029,0.6854508591907464,0.7430874522102024,0.691570947023965,76.317138671875,TwoFingers,1761074409.9524322
131.9928626061034,0.9925908016121046,0.9888076203430565,0.6651332388956654,0.6835689134048342,0.7448862998170303,0.6732819086924966,78.24443817138672,TwoFingers,1761074410.1447806
138.30525665210573,0.9943108921015001,0.9896761703153935,0.6635708305017426,0.682070301474791,0.7148629571449985,0.7070904950149259,80.86193084716797,TwoFingers,1761074410.3525558
138.09925753878593,0.9969120670761175,0.9906532683095991,0.6648390910151801,0.6792998109075375,0.6732073603901467,0.7578100028632023,81.7623519897461,TwoFingers,1761074410.5153904
138.69257168525968,0.9938808756025864,0.9879602432956259,0.6639641479221673,0.6795389845390062,0.6688803648291618,0.7732916113354591,82.80258178710938,TwoFingers,1761074410.6557333
138.46717845460677,0.9923382672108798,0.9887440870481461,0.6663258659460786,0.6818800441789414,0.6469473326919689,0.8040291340426842,83.49227905273438,TwoFingers,1761074410.8167675
134.45225670736994,0.9934810395792243,0.9954027088805102,0.6675711941099743,0.6808430442222067,0.6148837124896951,0.8505228861017633,85.3708267211914,TwoFingers,1761074410.9922445
134.6214627956166,0.9934871951003701,0.9950183506569186,0.6699717165334919,0.6697612696165995,0.5717227137703093,0.8905249478174507,86.13311767578125,TwoFingers,1761074411.1522954
130.34506315176262,0.9917255497957264,0.9962984481968494,0.6715265571421433,0.6663249728344908,0.5389478922245757,0.9191549145032929,87.75741577148438,TwoFingers,1761074411.3290381
128.88879389856783,0.9916091242451142,0.997526704733206,0.6802928026072951,0.6708256121405888,0.5103454869834209,0.9428773801137956,89.87373352050781,TwoFingers,1761074411.616493
128.63841591837195,0.989922082096743,0.9929462814976219,0.6810297547853953,0.6675110593291605,0.48921668607951896,0.9544642741439678,90.13378143310547,TwoFingers,1761074411.9843318
171.7476889413172,0.9876514723240518,0.9908379944393628,0.6668756684613958,0.6886744961463839,0.566494668953729,0.8244617883527801,103.61370086669922,TwoFingers,1761074413.56825
169.85736699073686,0.9912431412379671,0.9900175141821501,0.6680708138172767,0.6890503624119919,0.5582219068330703,0.8435801822481248,101.94503784179688,TwoFingers,1761074413.792282
169.53996893038175,0.9906212044787345,0.9899030155825234,0.6697844199223564,0.6926595229144422,0.5648262244645827,0.8366668377132047,102.75924682617188,TwoFingers,1761074414.004103
168.69395867218293,0.9886150914877252,0.9880295983541503,0.66947835590714,0.692115380552656,0.5584413302277058,0.8471758852075478,104.33917999267578,TwoFingers,1761074414.160674
168.58696181412768,0.9887922092428708,0.9890745550882745,0.6682027364472836,0.6901012059692606,0.5528427129403182,0.8465951449879069,104.23297882080078,TwoFingers,1761074414.3367734
169.06629775950597,0.9874494665664999,0.9883473208075274,0.6680329734541743,0.6906035774205314,0.5585670469252602,0.8425967495012272,105.69892883300781,TwoFingers,1761074414.4963014
168.48050319998208,0.9881959085251074,0.9884887048672101,0.6678948044043898,0.6899038188012289,0.5647173822083275,0.8429691837907869,106.14189147949219,TwoFingers,1761074414.624235
167.85409053178307,0.9896731160946223,0.9914543384781421,0.6680810408607128,0.6898420740102211,0.5610208847260596,0.846707126674669,106.17740631103516,TwoFingers,1761074414.799356
168.09852165570734,0.9884136954342946,0.9902677117873623,0.6685203127514665,0.6903721077166796,0.5575699704714409,0.8483069391102839,106.0129165649414,TwoFingers,1761074414.9599762
167.4418834874487,0.9903630711029047,0.989360760141723,0.6679424958603889,0.6885101904284925,0.557782309062699,0.8527396206795096,106.14200592041016,TwoFingers,1761074415.234447
122.30387386745493,0.994503391004148,0.99238998388303,0.6575854840569777,0.6833551499932969,0.7542548424592737,-0.9717748911239312,-87.29560852050781,TwoFingers,1761074417.1042054
124.27509359463066,0.9961130837697123,0.9939837948695254,0.6549406051153327,0.6748125737725488,0.7654005651142163,-0.9778409171607528,-84.84672546386719,TwoFingers,1761074417.3761704
122.11001833600994,0.9960131013171164,0.9950557771795508,0.6675349711278754,0.668574474465482,0.7716296818882333,-0.9797285336306865,-80.60577392578125,TwoFingers,1761074417.648168
120.66807536869044,0.9937497483715015,0.9950838826522369,0.6752474224948211,0.6653657628638395,0.7746412165286495,-0.986410834852336,-77.09457397460938,TwoFingers,1761074417.8724236
119.82430925550538,0.9898010665130893,0.9915567692791233,0.688616858997832,0.6773642828003132,0.7655263652933078,-0.9958416816783603,-73.86524200439453,TwoFingers,1761074418.081229
117.05847569074811,0.9923417173601448,0.9920642008239183,0.6851113802254859,0.6733018557648057,0.7436422441146741,-0.9990250942935167,-74.79839324951172,TwoFingers,1761074418.2718282
117.16079487613513,0.9897083013683828,0.9930969968141153,0.6892924635870434,0.6818937413238716,0.7739945709278433,-0.9963909901112196,-72.02686309814453,TwoFingers,1761074418.4162955
117.92509978170976,0.9927202125934729,0.9887241131869356,0.6888259716627019,0.6915669849296497,0.7594545158993762,-0.9984193228629393,-71.44054412841797,TwoFingers,1761074418.7577436
118.23740948996362,0.9935263473354933,0.9944332066881504,0.6840437372981034,0.6656777751118357,0.7469278850399126,-0.998167915057699,-74.7378921508789,TwoFingers,1761074418.9115467
118.65027070144052,0.9965761942641912,0.9935043022246468,0.6749435535678386,0.6618196851979997,0.7393910208503842,-0.9991847102898389,-75.56251525878906,TwoFingers,1761074419.153835
120.73971720653752,0.9920007683993562,0.9917623479030175,0.660229620633424,0.679525156033848,0.7406089369440098,-0.994757990079411,-79.75250244140625,TwoFingers,1761074419.375804
122.2340372667091,0.992807781170061,0.9932526904001563,0.6586148717981682,0.684954514711993,0.7515233958117252,-0.9878668370719654,-84.08485412597656,TwoFingers,1761074419.5840158
125.36711772375881,0.9950072053904826,0.9932751410460373,0.6582954591927855,0.6835566117474317,0.7651713658469408,-0.9781491056231101,-87.17185974121094,TwoFingers,1761074419.7759976
126.64674949740157,0.9961554249623877,0.9915830623190153,0.6627776392573129,0.6868998418667308,0.7682436710249654,-0.9673181515742322,-90.38848876953125,TwoFingers,1761074419.9843502
125.5029340288277,0.9964369757412452,0.9918141980343033,0.666052070366045,0.6899701898447029,0.770969982862737,-0.9576444594062182,-94.02965545654297,TwoFingers,1761074420.1761837
121.96536053940521,0.9972148483088481,0.9920156622119028,0.6659953058047192,0.6855790299263999,0.7717879442318905,-0.9470049713290022,-93.07735443115234,TwoFingers,1761074420.3527157
116.90615668578128,0.9975001331542748,0.9913109613593621,0.6700464447014286,0.6867063903331795,0.7508693802227531,-0.9504016672141534,-97.44361877441406,TwoFingers,1761074420.5442977
108.33895150469257,0.9973706979397541,0.986574287531195,0.6734624803230465,0.6910274680541387,0.7756011997250166,-0.8921411292936504,-102.40177154541016,TwoFingers,1761074420.8797982
112.5461152827328,0.9974728568873624,0.9886126208242181,0.6723538506612394,0.6908591305185467,0.7708788091249036,-0.9032410747642645,-102.80017852783203,TwoFingers,1761074421.05711
111.86397752796395,0.9975701068457324,0.987602243237229,0.6737399201732842,0.6939627742327138,0.76856969785548,-0.9025171670727322,-103.32466125488281,TwoFingers,1761074421.314315
135.60322851144596,0.9947950015559638,0.9912123619467561,0.6726410150536086,0.6827544195741325,0.7601376611505654,-0.9230701042628343,-104.46998596191406,TwoFingers,1761074422.7519937
165.69011867130436,0.9888001951074049,0.9856347938620501,0.6649104632320973,0.6913252413230387,0.6605859454822034,-0.7565436555178391,-102.63021469116211,TwoFingers,1761074437.7757642
165.93081188152357,0.9826499547248533,0.9772170236585033,0.6602431229703677,0.68706365090231,0.7595566233668652,-0.6690712739571613,-102.09341049194336,TwoFingers,1761074438.1459486
160.70649489724664,0.9839095429526981,0.9694910908796995,0.666557095937115,0.6860168340436829,0.7863144379622146,-0.6525201614565135,-98.8397216796875,TwoFingers,1761074438.3999906
147.27143161133048,0.9876883524941231,0.9673380495867118,0.66589192130043,0.6819254319652438,0.7938329979242011,-0.6548662998986278,-92.2071647644043,TwoFingers,1761074438.6720448
143.81055582517737,0.9875524558069433,0.9681239466225712,0.6666203105637278,0.6831084826746917,0.8036350905755798,-0.663777215551344,-90.47760009765625,TwoFingers,1761074438.9439762
139.67862389765256,0.9842288158821303,0.9704555610705015,0.6679286584478419,0.6854549917057358,0.7721283012042783,-0.6886774506466704,-87.77206420898438,TwoFingers,1761074439.1682055
132.9320391310421,0.9840128793143288,0.9813614407557952,0.6631211373067818,0.6890070359302672,0.7230410529879088,-0.7316883655491483,-79.59163665771484,TwoFingers,1761074439.4396565
126.64372634470455,0.9895769159199533,0.9857634453044938,0.6596586405704818,0.6924679201040127,0.6769941469711909,-0.764759226680325,-76.49896621704102,TwoFingers,1761074439.7115738
119.5598958037584,0.9850709657155189,0.9886840968652285,0.6652368472215479,0.6965440971362525,0.6370947436346406,-0.7682500465420956,-75.51498413085938,TwoFingers,1761074439.9353666
118.67392883708861,0.9822498506821425,0.9870843411654615,0.6726893994592243,0.6839989321900263,0.5778028949140737,-0.8144925166733221,-74.87997055053711,TwoFingers,1761074440.176049
116.07430760598133,0.9812947867492077,0.98598514759135,0.6806101090983468,0.6622011839878899,0.5375407649377416,-0.8383344900113049,-74.45352554321289,TwoFingers,1761074440.4162526
114.34417762665494,0.9795812608880393,0.9886519075372192,0.6819948765861156,0.6633196094751729,0.49429118600515803,-0.8488047398076208,-74.17665481567383,TwoFingers,1761074440.6399946
115.56074014867421,0.9795953804058269,0.9870810498703627,0.685901821808211,0.6622022617214169,0.5256702226519403,-0.8443181264976896,-74.30622100830078,TwoFingers,1761074440.880202
117.31888050207152,0.9839331309338893,0.9866746556376281,0.6599742399414251,0.6936947656441098,0.6427907556698176,-0.7893868757211989,-74.14371490478516,TwoFingers,1761074441.120256
118.99965482844645,0.9880258943803614,0.9849983390062204,0.6619178213604661,0.6949993819355341,0.6856522533650622,-0.7589383471309045,-73.41678619384766,TwoFingers,1761074441.344812
121.6225541900231,0.9862776740692732,0.9812850827384717,0.659550183955843,0.6879518298761457,0.711787231450792,-0.7440073637621383,-74.3806266784668,TwoFingers,1761074441.6166186
119.20297612978193,0.9857408225916077,0.9782909025143683,0.6623679670708588,0.6831596912215785,0.7666585126868168,-0.6922477020092357,-72.94464111328125,TwoFingers,1761074441.8559616
118.24816476779566,0.9845154866362451,0.975663309226241,0.6656333836960412,0.6888546638934884,0.7948086388325859,-0.6697197908301327,-72.17571258544922,TwoFingers,1761074442.1128495
115.46346936024533,0.985108296749552,0.9734532246581361,0.6682249898361876,0.6889276378724422,0.793525820587189,-0.6745802691952462,-71.74571990966797,TwoFingers,1761074442.4500408
116.11500495981959,0.989974272786247,0.9832848720811115,0.6707455510988797,0.701076284673848,0.7679906726882593,-0.6732647725217635,-70.29386520385742,TwoFingers,1761074443.3279526
113.00375575136428,0.9905379862209013,0.9807098383921108,0.6739159220038534,0.7085617394273577,0.7561042519950932,-0.6859903310422406,-71.63726806640625,TwoFingers,1761074443.552153
113.0403486520282,0.984844283901824,0.9783787272573251,0.6770256581107392,0.7162927285232007,0.7501252752362941,-0.6665853490162288,-72.12085723876953,TwoFingers,1761074443.7602253
118.38437269649972,0.9906405277526323,0.9869136432860525,0.6681625328428623,0.703728786872959,0.6756758339575331,-0.7394117050206529,-75.25503158569336,TwoFingers,1761074444.0954037
117.97244568405179,0.9852631449664265,0.9848395118799194,0.6619508736998921,0.6919382445916823,0.6760627118065972,-0.7711197592612367,-75.04663467407227,TwoFingers,1761074444.32046
118.48035338275648,0.98012116365061,0.9860287446283237,0.667727377119309,0.6843137502009254,0.70472859344682,-0.8044611698943284,-74.19137954711914,TwoFingers,1761074444.5599508
120.44913632519204,0.9816940597074879,0.9909420411114512,0.6962118964535439,0.6702111268025684,0.7526435459162204,-0.9118484503132843,-65.0493049621582,TwoFingers,1761074444.83215
119.90117605738013,0.9821946826302203,0.9930933280019993,0.6935286079049633,0.6776160563021502,0.7732451777000795,-0.9380547374062105,-60.281944274902344,TwoFingers,1761074445.0248148
120.06512509412516,0.9819137196876699,0.9936846202474136,0.6977239842388028,0.6805963059337464,0.7787595301147894,-0.9575367547728503,-57.895660400390625,TwoFingers,1761074445.2643557
121.30578572917207,0.9862703796617148,0.9947633755336458,0.6996043474212857,0.6790259699296404,0.7643162001021655,-0.9026517872374229,-61.676998138427734,TwoFingers,1761074445.5997357
121.04362898175278,0.9800184684493605,0.9884573825489714,0.6773398619357011,0.6771871965243079,0.7376922544487576,-0.7940387885307433,-71.73095703125,TwoFingers,1761074445.8562815
120.78770513289842,0.9861114739682004,0.9897244473552079,0.6643075221486802,0.7018423427718008,0.6717966804709217,-0.6907341399914398,-78.16370010375977,TwoFingers,1761074446.065025
121.20798902592179,0.9863031779559157,0.9907204392632027,0.6679168657237025,0.7044314342068537,0.6941427297032147,-0.49784766479743064,-83.70521545410156,TwoFingers,1761074446.3072193
121.63601709846306,0.9857963885826898,0.9881427120504487,0.6709440661850374,0.7074904194182978,0.6892816652693903,-0.4305243753881388,-83.40583801269531,TwoFingers,1761074446.5279946
123.41872862575863,0.9896513554130165,0.9882719288401894,0.6742930400932026,0.7087681838728667,0.6914302304554354,-0.37205299906485534,-84.47298049926758,TwoFingers,1761074446.833259
122.8940587336274,0.9868064527280227,0.986956337775298,0.6681430437233571,0.7053144796187244,0.6737423426195573,-0.3970362522854457,-85.02492904663086,TwoFingers,1761074447.2337053
110.44514852629646,0.99069959956303,0.9812628583897647,0.6863844527345085,0.687393388512827,0.7749656402806886,0.8915327960605269,73.52432250976562,TwoFingers,1761074449.4397738
109.75549403335266,0.9890292244213814,0.9808972910458404,0.6879415320488818,0.6893943897360685,0.7791464603083904,0.8787347892909424,73.3659553527832,TwoFingers,1761074449.6830702
110.64033553400533,0.9903573749398843,0.9826230366318359,0.6872409624131871,0.6887883214660309,0.802401699014833,0.8625786330308391,73.468017578125,TwoFingers,1761074449.9035358
111.25911253113763,0.9898628095118222,0.984267813842823,0.6865572696047803,0.6864574000025492,0.8094353999211079,0.8561569728954873,73.51997375488281,TwoFingers,1761074450.0805802
109.21124296514674,0.988011587746679,0.9814404292963377,0.6871993995844016,0.6893655804999229,0.7916452317835072,0.8792886765736645,73.93819808959961,TwoFingers,1761074450.3685114
109.21888273428102,0.9897551715057337,0.9811870905545441,0.6870504120151412,0.6903721682069145,0.787923316562689,0.8969875228730589,73.5352897644043,TwoFingers,1761074450.7045069
110.7305204429344,0.9880339495566982,0.9804013581061404,0.686718595130234,0.692551795281358,0.7891069762774987,0.8935812402897916,74.6613883972168,TwoFingers,1761074450.9446177
109.29414561685573,0.9865676821720534,0.981031087241765,0.67833898959324,0.6788915081193624,0.8321950687100115,0.560990003384074,70.89683532714844,TwoFingers,1761074452.4482725
109.72580274245334,0.9857348798947578,0.9799948137495947,0.6784675552157111,0.6775932959023544,0.8302222821222804,0.5708730275566569,70.46630859375,TwoFingers,1761074452.6874845
108.99678541758888,0.9843649749279587,0.9800829267117749,0.6763661009647964,0.6755036707450045,0.8405404182415487,0.5381456803645109,70.24574279785156,TwoFingers,1761074452.912582
109.38608893161377,0.9835614651416332,0.9809543117779467,0.6739013339734697,0.6754185931089021,0.8383116852736021,0.5495656327847378,70.61338424682617,TwoFingers,1761074453.1522884
109.22236510220466,0.9855971734734302,0.9807264850943733,0.6780146218557913,0.6768761556908774,0.8504888021332141,0.5196285305213607,70.26311874389648,TwoFingers,1761074453.39209
109.17624852277798,0.9842568513096452,0.9807539105917092,0.6757708166100759,0.6754543153440494,0.8418432460941335,0.5385367325404936,70.4228401184082,TwoFingers,1761074453.6158693
109.32139668562617,0.9818957792879383,0.9794444139428841,0.6752974091331404,0.6733785170779686,0.8452283161009807,0.5260453218472736,70.1876449584961,TwoFingers,1761074454.1600811
